ts_event,rtype,publisher_id,instrument_id,open,high,low,close,volume,symbol
2023-04-07T00:00:00.000000000Z,33,1,3522,13159.500000000,13162.000000000,13158.500000000,13161.000000000,104,NQM3
2023-04-07T00:01:00.000000000Z,33,1,3522,13161.500000000,13164.500000000,13161.500000000,13164.000000000,117,NQM3
2023-04-07T00:02:00.000000000Z,33,1,3522,13164.000000000,13165.500000000,13163.250000000,13165.250000000,61,NQM3
2023-04-07T00:03:00.000000000Z,33,1,3522,13165.000000000,13165.500000000,13163.500000000,13164.500000000,46,NQM3
2023-04-07T00:04:00.000000000Z,33,1,3522,13164.750000000,13164.750000000,13163.500000000,13164.500000000,32,NQM3
2023-04-07T00:05:00.000000000Z,33,1,3522,13164.750000000,13165.000000000,13163.500000000,13164.000000000,52,NQM3
2023-04-07T00:06:00.000000000Z,33,1,3522,13163.750000000,13163.750000000,13161.250000000,13162.250000000,70,NQM3
2023-04-07T00:07:00.000000000Z,33,1,3522,13162.750000000,13165.500000000,13162.500000000,13165.000000000,67,NQM3
2023-04-07T00:08:00.000000000Z,33,1,3522,13165.250000000,13166.750000000,13164.000000000,13164.500000000,45,NQM3
2023-04-07T00:09:00.000000000Z,33,1,3522,13164.250000000,13165.000000000,13162.750000000,13165.000000000,71,NQM3
2023-04-07T00:10:00.000000000Z,33,1,3522,13165.000000000,13166.500000000,13164.250000000,13164.250000000,40,NQM3
2023-04-07T00:11:00.000000000Z,33,1,3522,13164.500000000,13164.750000000,13164.000000000,13164.000000000,21,NQM3
2023-04-07T00:12:00.000000000Z,33,1,3522,13164.000000000,13166.000000000,13162.250000000,13165.500000000,51,NQM3
2023-04-07T00:13:00.000000000Z,33,1,3522,13165.750000000,13166.250000000,13164.250000000,13164.500000000,27,NQM3
2023-04-07T00:14:00.000000000Z,33,1,3522,13165.000000000,13166.500000000,13164.750000000,13165.000000000,55,NQM3
2023-04-07T00:15:00.000000000Z,33,1,3522,13164.500000000,13165.000000000,13163.500000000,13164.250000000,33,NQM3
2023-04-07T00:16:00.000000000Z,33,1,3522,13164.250000000,13164.750000000,13163.500000000,13164.250000000,30,NQM3
2023-04-07T00:17:00.000000000Z,33,1,3522,13164.250000000,13164.500000000,13163.500000000,13163.750000000,24,NQM3
2023-04-07T00:18:00.000000000Z,33,1,3522,13163.500000000,13164.500000000,13163.000000000,13163.000000000,43,NQM3
2023-04-07T00:19:00.000000000Z,33,1,3522,13162.750000000,13164.750000000,13161.500000000,13164.750000000,64,NQM3
2023-04-07T00:20:00.000000000Z,33,1,3522,13164.500000000,13164.500000000,13162.750000000,13163.000000000,24,NQM3
2023-04-07T00:21:00.000000000Z,33,1,3522,13162.750000000,13163.500000000,13161.750000000,13163.500000000,29,NQM3
2023-04-07T00:22:00.000000000Z,33,1,3522,13163.500000000,13163.500000000,13162.500000000,13162.500000000,11,NQM3
2023-04-07T00:23:00.000000000Z,33,1,3522,13162.500000000,13163.250000000,13162.500000000,13163.000000000,26,NQM3
2023-04-07T00:24:00.000000000Z,33,1,3522,13162.750000000,13167.750000000,13162.750000000,13167.000000000,140,NQM3
2023-04-07T00:25:00.000000000Z,33,1,3522,13166.750000000,13167.250000000,13165.500000000,13167.250000000,46,NQM3
2023-04-07T00:26:00.000000000Z,33,1,3522,13166.500000000,13166.750000000,13165.750000000,13166.500000000,40,NQM3
2023-04-07T00:27:00.000000000Z,33,1,3522,13167.250000000,13167.750000000,13166.750000000,13167.500000000,21,NQM3
2023-04-07T00:28:00.000000000Z,33,1,3522,13167.500000000,13167.500000000,13166.250000000,13167.250000000,19,NQM3
2023-04-07T00:29:00.000000000Z,33,1,3522,13167.750000000,13169.750000000,13166.500000000,13167.000000000,73,NQM3
2023-04-07T00:30:00.000000000Z,33,1,3522,13167.000000000,13167.250000000,13164.750000000,13164.750000000,35,NQM3
2023-04-07T00:31:00.000000000Z,33,1,3522,13164.500000000,13165.750000000,13164.000000000,13164.500000000,47,NQM3
2023-04-07T00:32:00.000000000Z,33,1,3522,13165.000000000,13165.750000000,13163.000000000,13164.500000000,100,NQM3
2023-04-07T00:33:00.000000000Z,33,1,3522,13164.500000000,13164.750000000,13163.250000000,13163.500000000,24,NQM3
2023-04-07T00:34:00.000000000Z,33,1,3522,13164.000000000,13165.250000000,13164.000000000,13164.250000000,17,NQM3
2023-04-07T00:35:00.000000000Z,33,1,3522,13164.750000000,13165.750000000,13164.750000000,13165.000000000,21,NQM3
2023-04-07T00:36:00.000000000Z,33,1,3522,13165.500000000,13165.500000000,13164.250000000,13164.250000000,17,NQM3
2023-04-07T00:37:00.000000000Z,33,1,3522,13164.000000000,13165.000000000,13164.000000000,13164.500000000,13,NQM3
2023-04-07T00:38:00.000000000Z,33,1,3522,13165.000000000,13165.500000000,13164.250000000,13165.000000000,17,NQM3
2023-04-07T00:39:00.000000000Z,33,1,3522,13165.500000000,13168.000000000,13164.750000000,13167.500000000,77,NQM3
2023-04-07T00:40:00.000000000Z,33,1,3522,13167.250000000,13167.500000000,13165.500000000,13165.500000000,23,NQM3
2023-04-07T00:41:00.000000000Z,33,1,3522,13165.500000000,13166.500000000,13165.250000000,13166.250000000,27,NQM3
2023-04-07T00:42:00.000000000Z,33,1,3522,13166.500000000,13167.000000000,13166.500000000,13167.000000000,15,NQM3
2023-04-07T00:43:00.000000000Z,33,1,3522,13167.000000000,13167.500000000,13166.500000000,13167.250000000,22,NQM3
2023-04-07T00:44:00.000000000Z,33,1,3522,13167.250000000,13167.250000000,13166.250000000,13166.500000000,25,NQM3
2023-04-07T00:45:00.000000000Z,33,1,3522,13166.250000000,13166.250000000,13164.500000000,13164.500000000,107,NQM3
2023-04-07T00:46:00.000000000Z,33,1,3522,13164.500000000,13165.000000000,13161.250000000,13161.250000000,128,NQM3
2023-04-07T00:47:00.000000000Z,33,1,3522,13161.000000000,13161.000000000,13157.000000000,13158.750000000,183,NQM3
2023-04-07T00:48:00.000000000Z,33,1,3522,13159.000000000,13161.000000000,13158.250000000,13160.500000000,51,NQM3
2023-04-07T00:49:00.000000000Z,33,1,3522,13160.750000000,13161.500000000,13160.000000000,13160.000000000,31,NQM3
2023-04-07T00:50:00.000000000Z,33,1,3522,13159.500000000,13160.000000000,13157.000000000,13157.000000000,103,NQM3
2023-04-07T00:51:00.000000000Z,33,1,3522,13156.500000000,13156.500000000,13153.750000000,13154.000000000,116,NQM3
2023-04-07T00:52:00.000000000Z,33,1,3522,13153.750000000,13156.750000000,13153.750000000,13156.250000000,27,NQM3
2023-04-07T00:53:00.000000000Z,33,1,3522,13156.500000000,13157.250000000,13156.500000000,13157.000000000,24,NQM3
2023-04-07T00:54:00.000000000Z,33,1,3522,13157.250000000,13159.000000000,13157.250000000,13158.250000000,21,NQM3
2023-04-07T00:55:00.000000000Z,33,1,3522,13158.750000000,13159.500000000,13158.750000000,13159.000000000,11,NQM3
2023-04-07T00:56:00.000000000Z,33,1,3522,13158.500000000,13160.500000000,13158.500000000,13160.500000000,30,NQM3
2023-04-07T00:57:00.000000000Z,33,1,3522,13160.000000000,13160.250000000,13158.500000000,13158.500000000,16,NQM3
2023-04-07T00:58:00.000000000Z,33,1,3522,13158.500000000,13159.500000000,13158.250000000,13159.500000000,23,NQM3
2023-04-07T00:59:00.000000000Z,33,1,3522,13159.500000000,13159.750000000,13158.750000000,13158.750000000,14,NQM3
2023-04-07T01:00:00.000000000Z,33,1,3522,13158.250000000,13158.250000000,13156.500000000,13158.000000000,48,NQM3
2023-04-07T01:01:00.000000000Z,33,1,3522,13157.500000000,13157.750000000,13156.750000000,13156.750000000,21,NQM3
2023-04-07T01:02:00.000000000Z,33,1,3522,13157.250000000,13158.250000000,13157.250000000,13158.250000000,17,NQM3
2023-04-07T01:03:00.000000000Z,33,1,3522,13158.500000000,13159.000000000,13158.000000000,13158.250000000,11,NQM3
2023-04-07T01:04:00.000000000Z,33,1,3522,13157.750000000,13158.250000000,13157.000000000,13157.000000000,22,NQM3
2023-04-07T01:05:00.000000000Z,33,1,3522,13157.500000000,13158.000000000,13156.500000000,13157.750000000,16,NQM3
2023-04-07T01:06:00.000000000Z,33,1,3522,13158.250000000,13159.000000000,13158.250000000,13158.750000000,22,NQM3
2023-04-07T01:07:00.000000000Z,33,1,3522,13159.000000000,13159.000000000,13158.500000000,13158.750000000,9,NQM3
2023-04-07T01:08:00.000000000Z,33,1,3522,13158.500000000,13159.500000000,13156.500000000,13158.500000000,50,NQM3
2023-04-07T01:09:00.000000000Z,33,1,3522,13158.500000000,13159.500000000,13156.750000000,13157.750000000,57,NQM3
2023-04-07T01:10:00.000000000Z,33,1,3522,13157.250000000,13158.000000000,13157.250000000,13158.000000000,21,NQM3
2023-04-07T01:11:00.000000000Z,33,1,3522,13157.250000000,13158.500000000,13157.000000000,13157.750000000,20,NQM3
2023-04-07T01:12:00.000000000Z,33,1,3522,13157.750000000,13158.500000000,13157.250000000,13157.250000000,16,NQM3
2023-04-07T01:13:00.000000000Z,33,1,3522,13157.000000000,13157.000000000,13156.250000000,13156.500000000,20,NQM3
2023-04-07T01:14:00.000000000Z,33,1,3522,13156.750000000,13157.500000000,13156.750000000,13157.500000000,17,NQM3
2023-04-07T01:15:00.000000000Z,33,1,3522,13158.000000000,13158.750000000,13157.750000000,13158.750000000,16,NQM3
2023-04-07T01:16:00.000000000Z,33,1,3522,13158.250000000,13158.750000000,13158.250000000,13158.250000000,9,NQM3
2023-04-07T01:17:00.000000000Z,33,1,3522,13158.250000000,13158.250000000,13157.750000000,13157.750000000,11,NQM3
2023-04-07T01:18:00.000000000Z,33,1,3522,13158.250000000,13159.750000000,13158.250000000,13159.250000000,40,NQM3
2023-04-07T01:19:00.000000000Z,33,1,3522,13159.500000000,13159.500000000,13159.000000000,13159.250000000,7,NQM3
2023-04-07T01:20:00.000000000Z,33,1,3522,13159.250000000,13160.000000000,13158.750000000,13160.000000000,19,NQM3
2023-04-07T01:21:00.000000000Z,33,1,3522,13159.750000000,13161.250000000,13159.750000000,13160.750000000,33,NQM3
2023-04-07T01:22:00.000000000Z,33,1,3522,13160.750000000,13160.750000000,13157.750000000,13158.750000000,41,NQM3
2023-04-07T01:23:00.000000000Z,33,1,3522,13158.250000000,13158.750000000,13157.000000000,13158.750000000,24,NQM3
2023-04-07T01:24:00.000000000Z,33,1,3522,13158.250000000,13159.250000000,13158.250000000,13159.000000000,21,NQM3
2023-04-07T01:25:00.000000000Z,33,1,3522,13159.750000000,13159.750000000,13158.750000000,13159.000000000,12,NQM3
2023-04-07T01:26:00.000000000Z,33,1,3522,13159.000000000,13160.000000000,13158.500000000,13159.500000000,12,NQM3
2023-04-07T01:27:00.000000000Z,33,1,3522,13159.500000000,13159.500000000,13158.500000000,13158.750000000,14,NQM3
2023-04-07T01:28:00.000000000Z,33,1,3522,13159.250000000,13159.500000000,13159.250000000,13159.500000000,5,NQM3
2023-04-07T01:29:00.000000000Z,33,1,3522,13159.750000000,13160.000000000,13158.750000000,13159.500000000,15,NQM3
2023-04-07T01:30:00.000000000Z,33,1,3522,13159.000000000,13159.000000000,13158.000000000,13158.000000000,20,NQM3
2023-04-07T01:31:00.000000000Z,33,1,3522,13157.750000000,13158.750000000,13156.250000000,13158.500000000,103,NQM3
2023-04-07T01:32:00.000000000Z,33,1,3522,13158.750000000,13160.500000000,13158.750000000,13159.500000000,25,NQM3
2023-04-07T01:33:00.000000000Z,33,1,3522,13159.250000000,13159.250000000,13156.000000000,13156.000000000,44,NQM3
2023-04-07T01:34:00.000000000Z,33,1,3522,13156.000000000,13156.500000000,13156.000000000,13156.000000000,20,NQM3
2023-04-07T01:35:00.000000000Z,33,1,3522,13156.000000000,13156.500000000,13155.250000000,13156.250000000,38,NQM3
2023-04-07T01:36:00.000000000Z,33,1,3522,13156.250000000,13157.750000000,13155.750000000,13157.750000000,29,NQM3
2023-04-07T01:37:00.000000000Z,33,1,3522,13158.250000000,13158.250000000,13157.500000000,13157.750000000,18,NQM3
2023-04-07T01:38:00.000000000Z,33,1,3522,13158.000000000,13158.000000000,13157.250000000,13157.250000000,10,NQM3
2023-04-07T01:39:00.000000000Z,33,1,3522,13158.000000000,13158.000000000,13158.000000000,13158.000000000,7,NQM3
2023-04-07T01:40:00.000000000Z,33,1,3522,13158.250000000,13158.250000000,13157.500000000,13157.500000000,5,NQM3
2023-04-07T01:41:00.000000000Z,33,1,3522,13157.250000000,13158.000000000,13157.250000000,13157.250000000,19,NQM3
2023-04-07T01:42:00.000000000Z,33,1,3522,13157.250000000,13158.000000000,13157.000000000,13157.000000000,13,NQM3
2023-04-07T01:43:00.000000000Z,33,1,3522,13157.250000000,13157.500000000,13157.250000000,13157.500000000,2,NQM3
2023-04-07T01:44:00.000000000Z,33,1,3522,13157.750000000,13157.750000000,13157.250000000,13157.250000000,9,NQM3
2023-04-07T01:45:00.000000000Z,33,1,3522,13157.500000000,13158.250000000,13157.250000000,13158.250000000,7,NQM3
2023-04-07T01:46:00.000000000Z,33,1,3522,13158.000000000,13158.250000000,13157.500000000,13157.750000000,9,NQM3
2023-04-07T01:47:00.000000000Z,33,1,3522,13158.000000000,13158.250000000,13157.500000000,13157.500000000,8,NQM3
2023-04-07T01:48:00.000000000Z,33,1,3522,13158.250000000,13158.750000000,13157.250000000,13157.250000000,29,NQM3
2023-04-07T01:49:00.000000000Z,33,1,3522,13157.250000000,13157.500000000,13156.750000000,13157.000000000,21,NQM3
2023-04-07T01:50:00.000000000Z,33,1,3522,13157.000000000,13157.000000000,13156.500000000,13157.000000000,6,NQM3
2023-04-07T01:51:00.000000000Z,33,1,3522,13157.000000000,13157.000000000,13156.500000000,13157.000000000,16,NQM3
2023-04-07T01:52:00.000000000Z,33,1,3522,13156.750000000,13156.750000000,13156.500000000,13156.500000000,8,NQM3
2023-04-07T01:53:00.000000000Z,33,1,3522,13156.500000000,13156.750000000,13154.750000000,13155.000000000,39,NQM3
2023-04-07T01:54:00.000000000Z,33,1,3522,13155.000000000,13155.500000000,13154.750000000,13155.000000000,12,NQM3
2023-04-07T01:55:00.000000000Z,33,1,3522,13155.250000000,13156.000000000,13153.750000000,13154.250000000,57,NQM3
2023-04-07T01:56:00.000000000Z,33,1,3522,13154.750000000,13154.750000000,13152.750000000,13153.250000000,66,NQM3
2023-04-07T01:57:00.000000000Z,33,1,3522,13153.000000000,13153.250000000,13151.750000000,13151.750000000,91,NQM3
2023-04-07T01:58:00.000000000Z,33,1,3522,13152.250000000,13154.500000000,13152.000000000,13154.000000000,78,NQM3
2023-04-07T01:59:00.000000000Z,33,1,3522,13153.750000000,13154.750000000,13152.250000000,13153.250000000,49,NQM3
2023-04-07T02:00:00.000000000Z,33,1,3522,13153.250000000,13154.000000000,13152.500000000,13152.500000000,23,NQM3
2023-04-07T02:01:00.000000000Z,33,1,3522,13152.750000000,13153.500000000,13152.500000000,13153.500000000,11,NQM3
2023-04-07T02:02:00.000000000Z,33,1,3522,13153.250000000,13153.500000000,13153.000000000,13153.250000000,6,NQM3
2023-04-07T02:03:00.000000000Z,33,1,3522,13154.000000000,13154.000000000,13152.750000000,13153.000000000,12,NQM3
2023-04-07T02:04:00.000000000Z,33,1,3522,13153.000000000,13154.000000000,13153.000000000,13154.000000000,19,NQM3
2023-04-07T02:05:00.000000000Z,33,1,3522,13153.750000000,13154.250000000,13153.250000000,13153.250000000,17,NQM3
2023-04-07T02:06:00.000000000Z,33,1,3522,13153.750000000,13154.750000000,13153.500000000,13154.750000000,17,NQM3
2023-04-07T02:07:00.000000000Z,33,1,3522,13154.500000000,13156.000000000,13154.500000000,13155.750000000,34,NQM3
2023-04-07T02:08:00.000000000Z,33,1,3522,13155.750000000,13156.750000000,13155.250000000,13156.750000000,21,NQM3
2023-04-07T02:09:00.000000000Z,33,1,3522,13156.750000000,13157.000000000,13156.250000000,13156.250000000,16,NQM3
2023-04-07T02:10:00.000000000Z,33,1,3522,13156.500000000,13156.750000000,13156.000000000,13156.000000000,14,NQM3
2023-04-07T02:11:00.000000000Z,33,1,3522,13156.500000000,13156.500000000,13155.500000000,13155.500000000,8,NQM3
2023-04-07T02:12:00.000000000Z,33,1,3522,13155.500000000,13157.250000000,13155.500000000,13156.750000000,24,NQM3
2023-04-07T02:13:00.000000000Z,33,1,3522,13156.750000000,13156.750000000,13156.500000000,13156.750000000,5,NQM3
2023-04-07T02:14:00.000000000Z,33,1,3522,13156.250000000,13157.000000000,13156.250000000,13156.750000000,10,NQM3
2023-04-07T02:15:00.000000000Z,33,1,3522,13156.500000000,13157.750000000,13156.500000000,13156.500000000,27,NQM3
2023-04-07T02:16:00.000000000Z,33,1,3522,13157.250000000,13157.500000000,13156.000000000,13156.750000000,24,NQM3
2023-04-07T02:17:00.000000000Z,33,1,3522,13156.500000000,13157.500000000,13156.500000000,13157.000000000,36,NQM3
2023-04-07T02:18:00.000000000Z,33,1,3522,13157.250000000,13157.250000000,13156.500000000,13156.750000000,23,NQM3
2023-04-07T02:19:00.000000000Z,33,1,3522,13156.500000000,13156.500000000,13156.500000000,13156.500000000,3,NQM3
2023-04-07T02:20:00.000000000Z,33,1,3522,13156.500000000,13157.750000000,13156.250000000,13157.750000000,25,NQM3
2023-04-07T02:21:00.000000000Z,33,1,3522,13157.000000000,13158.750000000,13157.000000000,13158.500000000,34,NQM3
2023-04-07T02:22:00.000000000Z,33,1,3522,13158.750000000,13160.750000000,13158.750000000,13160.250000000,69,NQM3
2023-04-07T02:23:00.000000000Z,33,1,3522,13160.250000000,13160.250000000,13159.000000000,13159.500000000,23,NQM3
2023-04-07T02:24:00.000000000Z,33,1,3522,13160.500000000,13161.500000000,13160.500000000,13160.750000000,21,NQM3
2023-04-07T02:25:00.000000000Z,33,1,3522,13161.000000000,13161.000000000,13159.750000000,13160.000000000,22,NQM3
2023-04-07T02:26:00.000000000Z,33,1,3522,13160.500000000,13160.500000000,13159.750000000,13160.250000000,24,NQM3
2023-04-07T02:27:00.000000000Z,33,1,3522,13160.500000000,13160.750000000,13159.500000000,13159.500000000,16,NQM3
2023-04-07T02:28:00.000000000Z,33,1,3522,13159.750000000,13160.250000000,13159.250000000,13159.250000000,14,NQM3
2023-04-07T02:29:00.000000000Z,33,1,3522,13159.500000000,13160.250000000,13159.500000000,13160.250000000,10,NQM3
2023-04-07T02:30:00.000000000Z,33,1,3522,13160.500000000,13161.500000000,13159.500000000,13161.500000000,33,NQM3
2023-04-07T02:31:00.000000000Z,33,1,3522,13161.500000000,13161.750000000,13160.000000000,13160.000000000,22,NQM3
2023-04-07T02:32:00.000000000Z,33,1,3522,13160.000000000,13160.000000000,13159.250000000,13159.500000000,23,NQM3
2023-04-07T02:33:00.000000000Z,33,1,3522,13159.500000000,13159.500000000,13158.500000000,13158.500000000,8,NQM3
2023-04-07T02:34:00.000000000Z,33,1,3522,13159.250000000,13159.250000000,13158.500000000,13159.000000000,13,NQM3
2023-04-07T02:35:00.000000000Z,33,1,3522,13159.000000000,13159.000000000,13157.750000000,13157.750000000,9,NQM3
2023-04-07T02:36:00.000000000Z,33,1,3522,13157.750000000,13158.000000000,13156.750000000,13157.500000000,33,NQM3
2023-04-07T02:37:00.000000000Z,33,1,3522,13157.500000000,13159.000000000,13157.000000000,13158.750000000,39,NQM3
2023-04-07T02:38:00.000000000Z,33,1,3522,13158.000000000,13158.250000000,13158.000000000,13158.250000000,2,NQM3
2023-04-07T02:39:00.000000000Z,33,1,3522,13159.000000000,13160.250000000,13159.000000000,13160.250000000,15,NQM3
2023-04-07T02:40:00.000000000Z,33,1,3522,13160.000000000,13163.250000000,13160.000000000,13163.000000000,61,NQM3
2023-04-07T02:41:00.000000000Z,33,1,3522,13162.750000000,13164.000000000,13162.500000000,13163.750000000,46,NQM3
2023-04-07T02:42:00.000000000Z,33,1,3522,13163.500000000,13164.000000000,13161.750000000,13162.000000000,31,NQM3
2023-04-07T02:43:00.000000000Z,33,1,3522,13161.750000000,13162.750000000,13161.000000000,13162.500000000,34,NQM3
2023-04-07T02:44:00.000000000Z,33,1,3522,13162.750000000,13164.500000000,13162.500000000,13164.500000000,36,NQM3
2023-04-07T02:45:00.000000000Z,33,1,3522,13164.500000000,13164.500000000,13162.500000000,13162.750000000,30,NQM3
2023-04-07T02:46:00.000000000Z,33,1,3522,13163.250000000,13163.500000000,13162.000000000,13162.000000000,28,NQM3
2023-04-07T02:47:00.000000000Z,33,1,3522,13162.000000000,13162.000000000,13161.000000000,13161.000000000,16,NQM3
2023-04-07T02:48:00.000000000Z,33,1,3522,13160.750000000,13161.000000000,13159.000000000,13159.000000000,27,NQM3
2023-04-07T02:49:00.000000000Z,33,1,3522,13159.000000000,13159.750000000,13159.000000000,13159.750000000,9,NQM3
2023-04-07T02:50:00.000000000Z,33,1,3522,13159.500000000,13160.000000000,13159.000000000,13160.000000000,17,NQM3
2023-04-07T02:51:00.000000000Z,33,1,3522,13159.750000000,13160.250000000,13159.500000000,13159.500000000,17,NQM3
2023-04-07T02:52:00.000000000Z,33,1,3522,13159.750000000,13160.000000000,13159.000000000,13159.000000000,11,NQM3
2023-04-07T02:53:00.000000000Z,33,1,3522,13159.750000000,13159.750000000,13159.750000000,13159.750000000,3,NQM3
2023-04-07T02:54:00.000000000Z,33,1,3522,13159.750000000,13159.750000000,13159.750000000,13159.750000000,1,NQM3
2023-04-07T02:55:00.000000000Z,33,1,3522,13159.750000000,13159.750000000,13158.500000000,13158.750000000,17,NQM3
2023-04-07T02:56:00.000000000Z,33,1,3522,13159.000000000,13159.000000000,13158.000000000,13158.250000000,11,NQM3
2023-04-07T02:57:00.000000000Z,33,1,3522,13158.000000000,13158.500000000,13158.000000000,13158.500000000,7,NQM3
2023-04-07T02:58:00.000000000Z,33,1,3522,13158.250000000,13158.500000000,13158.250000000,13158.500000000,5,NQM3
2023-04-07T02:59:00.000000000Z,33,1,3522,13158.750000000,13158.750000000,13158.750000000,13158.750000000,3,NQM3
2023-04-07T03:00:00.000000000Z,33,1,3522,13159.000000000,13160.250000000,13158.750000000,13159.750000000,17,NQM3
2023-04-07T03:01:00.000000000Z,33,1,3522,13160.000000000,13160.750000000,13159.750000000,13160.500000000,15,NQM3
2023-04-07T03:02:00.000000000Z,33,1,3522,13160.500000000,13160.500000000,13159.250000000,13159.250000000,25,NQM3
2023-04-07T03:03:00.000000000Z,33,1,3522,13159.750000000,13161.500000000,13159.750000000,13161.250000000,99,NQM3
2023-04-07T03:04:00.000000000Z,33,1,3522,13161.250000000,13161.250000000,13159.750000000,13160.000000000,12,NQM3
2023-04-07T03:05:00.000000000Z,33,1,3522,13160.000000000,13160.250000000,13159.500000000,13159.500000000,7,NQM3
2023-04-07T03:06:00.000000000Z,33,1,3522,13159.250000000,13159.250000000,13159.000000000,13159.250000000,9,NQM3
2023-04-07T03:07:00.000000000Z,33,1,3522,13159.250000000,13159.250000000,13158.500000000,13158.500000000,14,NQM3
2023-04-07T03:08:00.000000000Z,33,1,3522,13159.000000000,13159.500000000,13159.000000000,13159.500000000,3,NQM3
2023-04-07T03:09:00.000000000Z,33,1,3522,13159.500000000,13159.750000000,13159.000000000,13159.250000000,14,NQM3
2023-04-07T03:10:00.000000000Z,33,1,3522,13159.000000000,13159.000000000,13158.750000000,13158.750000000,3,NQM3
2023-04-07T03:11:00.000000000Z,33,1,3522,13159.500000000,13159.750000000,13159.500000000,13159.750000000,4,NQM3
2023-04-07T03:12:00.000000000Z,33,1,3522,13159.750000000,13160.250000000,13159.750000000,13160.250000000,2,NQM3
2023-04-07T03:13:00.000000000Z,33,1,3522,13161.000000000,13161.250000000,13160.250000000,13160.250000000,17,NQM3
2023-04-07T03:14:00.000000000Z,33,1,3522,13160.000000000,13160.000000000,13159.750000000,13159.750000000,5,NQM3
2023-04-07T03:15:00.000000000Z,33,1,3522,13160.000000000,13160.250000000,13159.750000000,13159.750000000,7,NQM3
2023-04-07T03:16:00.000000000Z,33,1,3522,13160.250000000,13160.500000000,13160.000000000,13160.500000000,4,NQM3
2023-04-07T03:17:00.000000000Z,33,1,3522,13160.500000000,13160.500000000,13160.250000000,13160.250000000,4,NQM3
2023-04-07T03:18:00.000000000Z,33,1,3522,13160.750000000,13161.000000000,13160.500000000,13160.500000000,8,NQM3
2023-04-07T03:19:00.000000000Z,33,1,3522,13160.500000000,13161.500000000,13160.500000000,13161.000000000,23,NQM3
2023-04-07T03:20:00.000000000Z,33,1,3522,13161.250000000,13161.250000000,13160.500000000,13160.750000000,11,NQM3
2023-04-07T03:21:00.000000000Z,33,1,3522,13160.500000000,13161.250000000,13160.250000000,13160.750000000,33,NQM3
2023-04-07T03:22:00.000000000Z,33,1,3522,13160.750000000,13160.750000000,13160.000000000,13160.000000000,15,NQM3
2023-04-07T03:23:00.000000000Z,33,1,3522,13160.000000000,13160.500000000,13159.750000000,13159.750000000,11,NQM3
2023-04-07T03:24:00.000000000Z,33,1,3522,13160.000000000,13160.000000000,13160.000000000,13160.000000000,1,NQM3
2023-04-07T03:25:00.000000000Z,33,1,3522,13159.500000000,13159.500000000,13158.750000000,13158.750000000,9,NQM3
2023-04-07T03:26:00.000000000Z,33,1,3522,13158.750000000,13159.500000000,13158.750000000,13159.000000000,8,NQM3
2023-04-07T03:27:00.000000000Z,33,1,3522,13158.750000000,13159.000000000,13158.250000000,13158.250000000,16,NQM3
2023-04-07T03:28:00.000000000Z,33,1,3522,13158.500000000,13158.750000000,13158.000000000,13158.500000000,20,NQM3
2023-04-07T03:29:00.000000000Z,33,1,3522,13158.500000000,13158.750000000,13158.500000000,13158.500000000,5,NQM3
2023-04-07T03:30:00.000000000Z,33,1,3522,13158.250000000,13158.250000000,13157.500000000,13157.500000000,14,NQM3
2023-04-07T03:31:00.000000000Z,33,1,3522,13157.750000000,13158.000000000,13157.000000000,13157.000000000,10,NQM3
2023-04-07T03:32:00.000000000Z,33,1,3522,13157.000000000,13157.250000000,13156.250000000,13157.000000000,28,NQM3
2023-04-07T03:33:00.000000000Z,33,1,3522,13156.750000000,13157.250000000,13156.500000000,13156.500000000,8,NQM3
2023-04-07T03:34:00.000000000Z,33,1,3522,13157.000000000,13157.000000000,13156.750000000,13156.750000000,2,NQM3
2023-04-07T03:35:00.000000000Z,33,1,3522,13157.000000000,13157.500000000,13156.750000000,13157.500000000,11,NQM3
2023-04-07T03:36:00.000000000Z,33,1,3522,13157.500000000,13158.000000000,13157.500000000,13157.500000000,4,NQM3
2023-04-07T03:37:00.000000000Z,33,1,3522,13158.000000000,13158.250000000,13157.750000000,13157.750000000,14,NQM3
2023-04-07T03:38:00.000000000Z,33,1,3522,13157.750000000,13157.750000000,13157.000000000,13157.000000000,17,NQM3
2023-04-07T03:39:00.000000000Z,33,1,3522,13156.750000000,13158.000000000,13156.500000000,13157.750000000,22,NQM3
2023-04-07T03:40:00.000000000Z,33,1,3522,13158.000000000,13158.250000000,13157.750000000,13158.250000000,9,NQM3
2023-04-07T03:41:00.000000000Z,33,1,3522,13158.250000000,13158.750000000,13158.000000000,13158.750000000,6,NQM3
2023-04-07T03:42:00.000000000Z,33,1,3522,13158.000000000,13158.750000000,13158.000000000,13158.250000000,12,NQM3
2023-04-07T03:43:00.000000000Z,33,1,3522,13158.250000000,13158.500000000,13158.000000000,13158.250000000,9,NQM3
2023-04-07T03:44:00.000000000Z,33,1,3522,13158.000000000,13159.750000000,13157.750000000,13159.750000000,24,NQM3
2023-04-07T03:45:00.000000000Z,33,1,3522,13159.750000000,13159.750000000,13159.000000000,13159.000000000,8,NQM3
2023-04-07T03:46:00.000000000Z,33,1,3522,13159.500000000,13159.750000000,13159.250000000,13159.250000000,11,NQM3
2023-04-07T03:47:00.000000000Z,33,1,3522,13159.000000000,13159.000000000,13159.000000000,13159.000000000,3,NQM3
2023-04-07T03:48:00.000000000Z,33,1,3522,13159.000000000,13159.500000000,13159.000000000,13159.250000000,10,NQM3
2023-04-07T03:49:00.000000000Z,33,1,3522,13159.000000000,13159.250000000,13158.500000000,13159.250000000,12,NQM3
2023-04-07T03:50:00.000000000Z,33,1,3522,13160.000000000,13160.500000000,13158.750000000,13159.000000000,16,NQM3
2023-04-07T03:51:00.000000000Z,33,1,3522,13159.250000000,13159.750000000,13159.250000000,13159.500000000,10,NQM3
2023-04-07T03:52:00.000000000Z,33,1,3522,13159.500000000,13159.750000000,13159.250000000,13159.750000000,9,NQM3
2023-04-07T03:53:00.000000000Z,33,1,3522,13159.250000000,13159.500000000,13159.000000000,13159.250000000,9,NQM3
2023-04-07T03:54:00.000000000Z,33,1,3522,13159.000000000,13159.250000000,13158.500000000,13158.750000000,15,NQM3
2023-04-07T03:55:00.000000000Z,33,1,3522,13158.750000000,13158.750000000,13158.000000000,13158.500000000,12,NQM3
2023-04-07T03:56:00.000000000Z,33,1,3522,13158.000000000,13158.500000000,13157.750000000,13158.500000000,3,NQM3
2023-04-07T03:57:00.000000000Z,33,1,3522,13158.250000000,13158.750000000,13158.250000000,13158.750000000,2,NQM3
2023-04-07T03:58:00.000000000Z,33,1,3522,13159.500000000,13160.000000000,13159.500000000,13160.000000000,5,NQM3
2023-04-07T03:59:00.000000000Z,33,1,3522,13159.750000000,13160.000000000,13159.750000000,13160.000000000,6,NQM3
2023-04-07T04:00:00.000000000Z,33,1,3522,13159.750000000,13161.250000000,13159.750000000,13161.250000000,38,NQM3
2023-04-07T04:01:00.000000000Z,33,1,3522,13161.250000000,13161.750000000,13161.000000000,13161.000000000,23,NQM3
2023-04-07T04:02:00.000000000Z,33,1,3522,13160.750000000,13160.750000000,13159.750000000,13159.750000000,10,NQM3
2023-04-07T04:03:00.000000000Z,33,1,3522,13159.750000000,13160.000000000,13159.750000000,13160.000000000,4,NQM3
2023-04-07T04:04:00.000000000Z,33,1,3522,13160.500000000,13161.250000000,13160.500000000,13161.250000000,9,NQM3
2023-04-07T04:05:00.000000000Z,33,1,3522,13161.000000000,13161.000000000,13161.000000000,13161.000000000,2,NQM3
2023-04-07T04:06:00.000000000Z,33,1,3522,13161.500000000,13161.750000000,13161.500000000,13161.500000000,5,NQM3
2023-04-07T04:07:00.000000000Z,33,1,3522,13161.500000000,13161.500000000,13161.000000000,13161.000000000,4,NQM3
2023-04-07T04:08:00.000000000Z,33,1,3522,13161.000000000,13161.250000000,13161.000000000,13161.000000000,5,NQM3
2023-04-07T04:09:00.000000000Z,33,1,3522,13161.500000000,13161.500000000,13160.000000000,13160.750000000,16,NQM3
2023-04-07T04:10:00.000000000Z,33,1,3522,13160.000000000,13160.500000000,13160.000000000,13160.500000000,6,NQM3
2023-04-07T04:11:00.000000000Z,33,1,3522,13160.000000000,13160.000000000,13158.250000000,13158.250000000,32,NQM3
2023-04-07T04:12:00.000000000Z,33,1,3522,13158.500000000,13158.500000000,13158.500000000,13158.500000000,6,NQM3
2023-04-07T04:13:00.000000000Z,33,1,3522,13158.500000000,13160.000000000,13158.500000000,13159.500000000,32,NQM3
2023-04-07T04:14:00.000000000Z,33,1,3522,13159.250000000,13160.500000000,13159.250000000,13160.250000000,14,NQM3
2023-04-07T04:15:00.000000000Z,33,1,3522,13160.250000000,13160.500000000,13159.750000000,13159.750000000,12,NQM3
2023-04-07T04:16:00.000000000Z,33,1,3522,13160.250000000,13161.500000000,13160.250000000,13161.000000000,37,NQM3
2023-04-07T04:17:00.000000000Z,33,1,3522,13161.000000000,13161.750000000,13161.000000000,13161.000000000,8,NQM3
2023-04-07T04:18:00.000000000Z,33,1,3522,13161.250000000,13161.250000000,13161.000000000,13161.000000000,2,NQM3
2023-04-07T04:19:00.000000000Z,33,1,3522,13161.250000000,13161.250000000,13161.250000000,13161.250000000,1,NQM3
2023-04-07T04:20:00.000000000Z,33,1,3522,13161.500000000,13161.500000000,13161.250000000,13161.250000000,6,NQM3
2023-04-07T04:21:00.000000000Z,33,1,3522,13161.500000000,13161.750000000,13161.250000000,13161.750000000,19,NQM3
2023-04-07T04:22:00.000000000Z,33,1,3522,13161.500000000,13161.500000000,13161.000000000,13161.250000000,8,NQM3
2023-04-07T04:23:00.000000000Z,33,1,3522,13161.000000000,13161.000000000,13160.500000000,13160.750000000,14,NQM3
2023-04-07T04:24:00.000000000Z,33,1,3522,13161.000000000,13161.250000000,13161.000000000,13161.250000000,6,NQM3
2023-04-07T04:25:00.000000000Z,33,1,3522,13161.000000000,13161.000000000,13161.000000000,13161.000000000,2,NQM3
2023-04-07T04:26:00.000000000Z,33,1,3522,13160.500000000,13161.250000000,13160.500000000,13161.250000000,13,NQM3
2023-04-07T04:27:00.000000000Z,33,1,3522,13161.500000000,13162.000000000,13161.500000000,13162.000000000,28,NQM3
2023-04-07T04:28:00.000000000Z,33,1,3522,13161.750000000,13162.000000000,13161.500000000,13162.000000000,9,NQM3
2023-04-07T04:29:00.000000000Z,33,1,3522,13162.250000000,13162.750000000,13161.500000000,13161.500000000,22,NQM3
2023-04-07T04:30:00.000000000Z,33,1,3522,13162.250000000,13162.250000000,13162.250000000,13162.250000000,4,NQM3
2023-04-07T04:31:00.000000000Z,33,1,3522,13162.500000000,13163.000000000,13162.000000000,13163.000000000,15,NQM3
2023-04-07T04:32:00.000000000Z,33,1,3522,13162.250000000,13162.250000000,13161.750000000,13161.750000000,3,NQM3
2023-04-07T04:33:00.000000000Z,33,1,3522,13161.750000000,13162.250000000,13161.000000000,13161.500000000,6,NQM3
2023-04-07T04:34:00.000000000Z,33,1,3522,13162.000000000,13162.000000000,13161.750000000,13161.750000000,2,NQM3
2023-04-07T04:35:00.000000000Z,33,1,3522,13161.500000000,13161.500000000,13161.250000000,13161.250000000,3,NQM3
2023-04-07T04:36:00.000000000Z,33,1,3522,13162.000000000,13162.000000000,13161.250000000,13161.250000000,7,NQM3
2023-04-07T04:37:00.000000000Z,33,1,3522,13161.250000000,13161.250000000,13161.250000000,13161.250000000,1,NQM3
2023-04-07T04:38:00.000000000Z,33,1,3522,13161.000000000,13161.000000000,13160.500000000,13160.750000000,15,NQM3
2023-04-07T04:39:00.000000000Z,33,1,3522,13161.250000000,13161.500000000,13161.250000000,13161.500000000,8,NQM3
2023-04-07T04:40:00.000000000Z,33,1,3522,13162.000000000,13162.000000000,13162.000000000,13162.000000000,6,NQM3
2023-04-07T04:41:00.000000000Z,33,1,3522,13161.750000000,13162.750000000,13161.750000000,13162.500000000,19,NQM3
2023-04-07T04:42:00.000000000Z,33,1,3522,13162.250000000,13163.000000000,13162.000000000,13162.750000000,21,NQM3
2023-04-07T04:43:00.000000000Z,33,1,3522,13162.500000000,13162.750000000,13162.000000000,13162.500000000,19,NQM3
2023-04-07T04:44:00.000000000Z,33,1,3522,13162.500000000,13162.500000000,13161.750000000,13162.000000000,14,NQM3
2023-04-07T04:45:00.000000000Z,33,1,3522,13162.000000000,13163.000000000,13162.000000000,13162.500000000,23,NQM3
2023-04-07T04:46:00.000000000Z,33,1,3522,13162.500000000,13163.750000000,13162.500000000,13162.750000000,16,NQM3
2023-04-07T04:47:00.000000000Z,33,1,3522,13162.500000000,13162.500000000,13161.000000000,13161.750000000,56,NQM3
2023-04-07T04:48:00.000000000Z,33,1,3522,13161.250000000,13161.750000000,13161.250000000,13161.500000000,7,NQM3
2023-04-07T04:49:00.000000000Z,33,1,3522,13161.750000000,13163.000000000,13161.750000000,13163.000000000,14,NQM3
2023-04-07T04:50:00.000000000Z,33,1,3522,13162.250000000,13162.500000000,13162.250000000,13162.250000000,7,NQM3
2023-04-07T04:51:00.000000000Z,33,1,3522,13162.250000000,13163.000000000,13162.250000000,13162.750000000,11,NQM3
2023-04-07T04:52:00.000000000Z,33,1,3522,13162.500000000,13162.500000000,13162.000000000,13162.500000000,8,NQM3
2023-04-07T04:53:00.000000000Z,33,1,3522,13162.250000000,13162.250000000,13162.000000000,13162.250000000,9,NQM3
2023-04-07T04:54:00.000000000Z,33,1,3522,13162.750000000,13162.750000000,13161.500000000,13161.500000000,3,NQM3
2023-04-07T04:55:00.000000000Z,33,1,3522,13162.000000000,13162.500000000,13161.750000000,13161.750000000,4,NQM3
2023-04-07T04:56:00.000000000Z,33,1,3522,13161.750000000,13162.000000000,13161.500000000,13162.000000000,6,NQM3
2023-04-07T04:57:00.000000000Z,33,1,3522,13162.500000000,13162.500000000,13161.500000000,13161.750000000,7,NQM3
2023-04-07T04:58:00.000000000Z,33,1,3522,13161.500000000,13161.500000000,13160.500000000,13161.250000000,18,NQM3
2023-04-07T04:59:00.000000000Z,33,1,3522,13160.750000000,13161.250000000,13160.750000000,13160.750000000,5,NQM3
2023-04-07T05:00:00.000000000Z,33,1,3522,13161.000000000,13161.250000000,13160.500000000,13161.000000000,14,NQM3
2023-04-07T05:01:00.000000000Z,33,1,3522,13161.250000000,13161.500000000,13160.000000000,13160.000000000,18,NQM3
2023-04-07T05:02:00.000000000Z,33,1,3522,13160.250000000,13160.250000000,13159.000000000,13159.250000000,23,NQM3
2023-04-07T05:03:00.000000000Z,33,1,3522,13159.750000000,13160.000000000,13158.500000000,13158.500000000,17,NQM3
2023-04-07T05:04:00.000000000Z,33,1,3522,13158.250000000,13158.500000000,13157.750000000,13158.500000000,25,NQM3
2023-04-07T05:05:00.000000000Z,33,1,3522,13158.500000000,13159.000000000,13158.500000000,13158.750000000,13,NQM3
2023-04-07T05:06:00.000000000Z,33,1,3522,13159.000000000,13159.500000000,13158.750000000,13159.500000000,7,NQM3
2023-04-07T05:07:00.000000000Z,33,1,3522,13159.750000000,13159.750000000,13158.750000000,13158.750000000,17,NQM3
2023-04-07T05:08:00.000000000Z,33,1,3522,13158.750000000,13158.750000000,13158.250000000,13158.500000000,8,NQM3
2023-04-07T05:09:00.000000000Z,33,1,3522,13158.500000000,13158.500000000,13157.000000000,13157.500000000,37,NQM3
2023-04-07T05:10:00.000000000Z,33,1,3522,13157.500000000,13158.000000000,13157.250000000,13158.000000000,15,NQM3
2023-04-07T05:11:00.000000000Z,33,1,3522,13157.750000000,13157.750000000,13156.750000000,13156.750000000,10,NQM3
2023-04-07T05:12:00.000000000Z,33,1,3522,13157.750000000,13157.750000000,13157.000000000,13157.250000000,4,NQM3
2023-04-07T05:13:00.000000000Z,33,1,3522,13158.000000000,13158.500000000,13158.000000000,13158.500000000,10,NQM3
2023-04-07T05:14:00.000000000Z,33,1,3522,13158.500000000,13158.500000000,13157.750000000,13158.000000000,10,NQM3
2023-04-07T05:15:00.000000000Z,33,1,3522,13158.250000000,13158.250000000,13157.500000000,13157.750000000,14,NQM3
2023-04-07T05:16:00.000000000Z,33,1,3522,13158.000000000,13158.000000000,13157.250000000,13157.750000000,10,NQM3
2023-04-07T05:17:00.000000000Z,33,1,3522,13157.500000000,13158.000000000,13157.250000000,13157.250000000,5,NQM3
2023-04-07T05:18:00.000000000Z,33,1,3522,13157.750000000,13159.000000000,13157.750000000,13159.000000000,23,NQM3
2023-04-07T05:19:00.000000000Z,33,1,3522,13158.500000000,13158.750000000,13158.000000000,13158.000000000,11,NQM3
2023-04-07T05:20:00.000000000Z,33,1,3522,13158.250000000,13158.750000000,13158.250000000,13158.250000000,9,NQM3
2023-04-07T05:21:00.000000000Z,33,1,3522,13158.250000000,13158.250000000,13157.250000000,13157.250000000,18,NQM3
2023-04-07T05:22:00.000000000Z,33,1,3522,13157.000000000,13158.000000000,13157.000000000,13158.000000000,10,NQM3
2023-04-07T05:23:00.000000000Z,33,1,3522,13158.000000000,13158.250000000,13156.750000000,13157.250000000,13,NQM3
2023-04-07T05:24:00.000000000Z,33,1,3522,13157.250000000,13157.250000000,13156.750000000,13157.250000000,13,NQM3
2023-04-07T05:25:00.000000000Z,33,1,3522,13157.250000000,13157.500000000,13156.750000000,13157.500000000,5,NQM3
2023-04-07T05:26:00.000000000Z,33,1,3522,13158.000000000,13158.000000000,13157.250000000,13157.250000000,10,NQM3
2023-04-07T05:27:00.000000000Z,33,1,3522,13157.750000000,13158.500000000,13157.750000000,13158.500000000,8,NQM3
2023-04-07T05:28:00.000000000Z,33,1,3522,13158.750000000,13158.750000000,13157.750000000,13157.750000000,12,NQM3
2023-04-07T05:29:00.000000000Z,33,1,3522,13157.250000000,13158.250000000,13157.250000000,13158.000000000,9,NQM3
2023-04-07T05:30:00.000000000Z,33,1,3522,13158.250000000,13159.000000000,13158.250000000,13159.000000000,11,NQM3
2023-04-07T05:31:00.000000000Z,33,1,3522,13158.750000000,13159.250000000,13158.500000000,13159.250000000,5,NQM3
2023-04-07T05:32:00.000000000Z,33,1,3522,13159.500000000,13159.500000000,13159.000000000,13159.250000000,9,NQM3
2023-04-07T05:33:00.000000000Z,33,1,3522,13159.500000000,13159.500000000,13159.500000000,13159.500000000,6,NQM3
2023-04-07T05:34:00.000000000Z,33,1,3522,13159.750000000,13159.750000000,13159.250000000,13159.500000000,3,NQM3
2023-04-07T05:35:00.000000000Z,33,1,3522,13159.750000000,13160.500000000,13159.750000000,13160.000000000,17,NQM3
2023-04-07T05:36:00.000000000Z,33,1,3522,13160.250000000,13160.500000000,13159.250000000,13160.500000000,13,NQM3
2023-04-07T05:37:00.000000000Z,33,1,3522,13161.250000000,13161.500000000,13160.500000000,13160.750000000,64,NQM3
2023-04-07T05:38:00.000000000Z,33,1,3522,13161.500000000,13162.500000000,13160.500000000,13162.500000000,75,NQM3
2023-04-07T05:39:00.000000000Z,33,1,3522,13162.000000000,13162.250000000,13161.250000000,13162.250000000,38,NQM3
2023-04-07T05:40:00.000000000Z,33,1,3522,13162.750000000,13162.750000000,13161.750000000,13162.250000000,11,NQM3
2023-04-07T05:41:00.000000000Z,33,1,3522,13162.000000000,13162.000000000,13161.500000000,13162.000000000,3,NQM3
2023-04-07T05:42:00.000000000Z,33,1,3522,13162.250000000,13163.750000000,13162.250000000,13163.250000000,29,NQM3
2023-04-07T05:43:00.000000000Z,33,1,3522,13163.750000000,13163.750000000,13162.250000000,13162.500000000,24,NQM3
2023-04-07T05:44:00.000000000Z,33,1,3522,13162.250000000,13162.250000000,13161.750000000,13161.750000000,10,NQM3
2023-04-07T05:45:00.000000000Z,33,1,3522,13161.250000000,13161.500000000,13160.250000000,13161.250000000,44,NQM3
2023-04-07T05:46:00.000000000Z,33,1,3522,13161.000000000,13161.250000000,13160.250000000,13160.500000000,28,NQM3
2023-04-07T05:47:00.000000000Z,33,1,3522,13160.500000000,13161.500000000,13160.250000000,13161.500000000,14,NQM3
2023-04-07T05:48:00.000000000Z,33,1,3522,13161.000000000,13161.250000000,13160.500000000,13160.500000000,14,NQM3
2023-04-07T05:49:00.000000000Z,33,1,3522,13160.750000000,13161.000000000,13160.250000000,13160.500000000,15,NQM3
2023-04-07T05:50:00.000000000Z,33,1,3522,13161.000000000,13161.000000000,13160.750000000,13161.000000000,5,NQM3
2023-04-07T05:51:00.000000000Z,33,1,3522,13160.750000000,13161.000000000,13160.750000000,13161.000000000,4,NQM3
2023-04-07T05:52:00.000000000Z,33,1,3522,13161.000000000,13161.000000000,13159.500000000,13160.250000000,33,NQM3
2023-04-07T05:53:00.000000000Z,33,1,3522,13160.500000000,13161.000000000,13160.500000000,13161.000000000,14,NQM3
2023-04-07T05:54:00.000000000Z,33,1,3522,13161.000000000,13161.750000000,13161.000000000,13161.500000000,12,NQM3
2023-04-07T05:55:00.000000000Z,33,1,3522,13161.750000000,13162.500000000,13161.750000000,13162.250000000,20,NQM3
2023-04-07T05:56:00.000000000Z,33,1,3522,13162.250000000,13162.750000000,13162.250000000,13162.750000000,13,NQM3
2023-04-07T05:57:00.000000000Z,33,1,3522,13162.250000000,13162.250000000,13161.250000000,13161.500000000,16,NQM3
2023-04-07T05:58:00.000000000Z,33,1,3522,13161.250000000,13161.250000000,13160.250000000,13160.750000000,14,NQM3
2023-04-07T05:59:00.000000000Z,33,1,3522,13161.000000000,13162.000000000,13160.500000000,13161.250000000,49,NQM3
2023-04-07T06:00:00.000000000Z,33,1,3522,13161.250000000,13162.000000000,13161.250000000,13161.250000000,27,NQM3
2023-04-07T06:01:00.000000000Z,33,1,3522,13161.750000000,13161.750000000,13161.000000000,13161.000000000,6,NQM3
2023-04-07T06:02:00.000000000Z,33,1,3522,13161.000000000,13161.250000000,13160.500000000,13160.500000000,11,NQM3
2023-04-07T06:03:00.000000000Z,33,1,3522,13160.500000000,13161.000000000,13158.750000000,13159.000000000,46,NQM3
2023-04-07T06:04:00.000000000Z,33,1,3522,13159.250000000,13159.500000000,13157.000000000,13158.250000000,102,NQM3
2023-04-07T06:05:00.000000000Z,33,1,3522,13158.250000000,13159.000000000,13157.750000000,13158.000000000,23,NQM3
2023-04-07T06:06:00.000000000Z,33,1,3522,13158.250000000,13158.500000000,13158.000000000,13158.500000000,12,NQM3
2023-04-07T06:07:00.000000000Z,33,1,3522,13158.500000000,13159.500000000,13158.500000000,13159.000000000,10,NQM3
2023-04-07T06:08:00.000000000Z,33,1,3522,13159.000000000,13159.750000000,13158.750000000,13158.750000000,14,NQM3
2023-04-07T06:09:00.000000000Z,33,1,3522,13158.500000000,13158.750000000,13158.000000000,13158.250000000,16,NQM3
2023-04-07T06:10:00.000000000Z,33,1,3522,13158.500000000,13158.500000000,13158.500000000,13158.500000000,4,NQM3
2023-04-07T06:11:00.000000000Z,33,1,3522,13158.750000000,13160.250000000,13158.750000000,13160.000000000,31,NQM3
2023-04-07T06:12:00.000000000Z,33,1,3522,13160.000000000,13160.500000000,13159.500000000,13160.500000000,21,NQM3
2023-04-07T06:13:00.000000000Z,33,1,3522,13160.750000000,13161.750000000,13160.750000000,13161.000000000,23,NQM3
2023-04-07T06:14:00.000000000Z,33,1,3522,13161.000000000,13161.500000000,13160.750000000,13160.750000000,12,NQM3
2023-04-07T06:15:00.000000000Z,33,1,3522,13160.750000000,13161.500000000,13160.500000000,13161.500000000,8,NQM3
2023-04-07T06:16:00.000000000Z,33,1,3522,13161.250000000,13162.000000000,13161.250000000,13161.500000000,16,NQM3
2023-04-07T06:17:00.000000000Z,33,1,3522,13162.000000000,13162.250000000,13161.500000000,13162.000000000,27,NQM3
2023-04-07T06:18:00.000000000Z,33,1,3522,13162.250000000,13162.750000000,13161.750000000,13161.750000000,31,NQM3
2023-04-07T06:19:00.000000000Z,33,1,3522,13161.750000000,13162.000000000,13161.750000000,13162.000000000,8,NQM3
2023-04-07T06:20:00.000000000Z,33,1,3522,13162.000000000,13162.000000000,13160.750000000,13161.000000000,16,NQM3
2023-04-07T06:21:00.000000000Z,33,1,3522,13161.250000000,13162.250000000,13161.250000000,13161.750000000,15,NQM3
2023-04-07T06:22:00.000000000Z,33,1,3522,13161.500000000,13161.500000000,13161.000000000,13161.250000000,9,NQM3
2023-04-07T06:23:00.000000000Z,33,1,3522,13161.500000000,13162.250000000,13161.500000000,13161.750000000,16,NQM3
2023-04-07T06:24:00.000000000Z,33,1,3522,13162.250000000,13162.750000000,13162.000000000,13162.000000000,17,NQM3
2023-04-07T06:25:00.000000000Z,33,1,3522,13162.500000000,13163.250000000,13162.500000000,13163.000000000,23,NQM3
2023-04-07T06:26:00.000000000Z,33,1,3522,13163.250000000,13164.500000000,13163.250000000,13164.500000000,66,NQM3
2023-04-07T06:27:00.000000000Z,33,1,3522,13164.250000000,13164.250000000,13163.000000000,13163.750000000,34,NQM3
2023-04-07T06:28:00.000000000Z,33,1,3522,13163.500000000,13165.250000000,13163.500000000,13164.750000000,29,NQM3
2023-04-07T06:29:00.000000000Z,33,1,3522,13164.750000000,13165.750000000,13164.500000000,13164.750000000,23,NQM3
2023-04-07T06:30:00.000000000Z,33,1,3522,13164.750000000,13167.500000000,13164.500000000,13166.250000000,95,NQM3
2023-04-07T06:31:00.000000000Z,33,1,3522,13166.750000000,13168.000000000,13166.500000000,13167.000000000,47,NQM3
2023-04-07T06:32:00.000000000Z,33,1,3522,13167.000000000,13169.500000000,13167.000000000,13169.250000000,38,NQM3
2023-04-07T06:33:00.000000000Z,33,1,3522,13168.750000000,13169.250000000,13168.000000000,13168.250000000,44,NQM3
2023-04-07T06:34:00.000000000Z,33,1,3522,13167.750000000,13168.000000000,13166.750000000,13168.000000000,17,NQM3
2023-04-07T06:35:00.000000000Z,33,1,3522,13168.250000000,13168.500000000,13168.000000000,13168.000000000,17,NQM3
2023-04-07T06:36:00.000000000Z,33,1,3522,13168.750000000,13171.000000000,13168.750000000,13170.250000000,102,NQM3
2023-04-07T06:37:00.000000000Z,33,1,3522,13170.000000000,13170.000000000,13169.000000000,13169.000000000,19,NQM3
2023-04-07T06:38:00.000000000Z,33,1,3522,13169.000000000,13170.000000000,13169.000000000,13169.750000000,17,NQM3
2023-04-07T06:39:00.000000000Z,33,1,3522,13169.750000000,13170.000000000,13169.500000000,13169.750000000,14,NQM3
2023-04-07T06:40:00.000000000Z,33,1,3522,13170.000000000,13172.000000000,13170.000000000,13171.250000000,59,NQM3
2023-04-07T06:41:00.000000000Z,33,1,3522,13171.000000000,13171.000000000,13168.750000000,13169.250000000,32,NQM3
2023-04-07T06:42:00.000000000Z,33,1,3522,13169.000000000,13169.000000000,13168.250000000,13168.750000000,8,NQM3
2023-04-07T06:43:00.000000000Z,33,1,3522,13168.250000000,13169.250000000,13168.250000000,13169.000000000,16,NQM3
2023-04-07T06:44:00.000000000Z,33,1,3522,13169.500000000,13169.750000000,13169.000000000,13169.750000000,17,NQM3
2023-04-07T06:45:00.000000000Z,33,1,3522,13169.750000000,13169.750000000,13167.000000000,13167.000000000,50,NQM3
2023-04-07T06:46:00.000000000Z,33,1,3522,13167.000000000,13168.000000000,13167.000000000,13167.750000000,25,NQM3
2023-04-07T06:47:00.000000000Z,33,1,3522,13168.000000000,13168.250000000,13167.750000000,13168.250000000,11,NQM3
2023-04-07T06:48:00.000000000Z,33,1,3522,13168.500000000,13168.750000000,13168.000000000,13168.000000000,13,NQM3
2023-04-07T06:49:00.000000000Z,33,1,3522,13168.250000000,13168.750000000,13168.250000000,13168.750000000,13,NQM3
2023-04-07T06:50:00.000000000Z,33,1,3522,13168.250000000,13169.500000000,13168.250000000,13169.500000000,22,NQM3
2023-04-07T06:51:00.000000000Z,33,1,3522,13169.750000000,13170.000000000,13169.000000000,13169.000000000,25,NQM3
2023-04-07T06:52:00.000000000Z,33,1,3522,13169.000000000,13169.000000000,13167.500000000,13168.250000000,34,NQM3
2023-04-07T06:53:00.000000000Z,33,1,3522,13168.000000000,13168.500000000,13167.500000000,13168.250000000,34,NQM3
2023-04-07T06:54:00.000000000Z,33,1,3522,13168.000000000,13168.500000000,13168.000000000,13168.500000000,8,NQM3
2023-04-07T06:55:00.000000000Z,33,1,3522,13168.250000000,13168.250000000,13167.500000000,13167.500000000,6,NQM3
2023-04-07T06:56:00.000000000Z,33,1,3522,13168.000000000,13168.000000000,13166.500000000,13167.000000000,17,NQM3
2023-04-07T06:57:00.000000000Z,33,1,3522,13167.000000000,13168.750000000,13167.000000000,13167.750000000,26,NQM3
2023-04-07T06:58:00.000000000Z,33,1,3522,13167.500000000,13167.500000000,13167.500000000,13167.500000000,2,NQM3
2023-04-07T06:59:00.000000000Z,33,1,3522,13167.750000000,13167.750000000,13166.500000000,13166.750000000,18,NQM3
2023-04-07T07:00:00.000000000Z,33,1,3522,13167.000000000,13167.500000000,13165.500000000,13166.250000000,106,NQM3
2023-04-07T07:01:00.000000000Z,33,1,3522,13166.500000000,13166.750000000,13165.500000000,13165.750000000,38,NQM3
2023-04-07T07:02:00.000000000Z,33,1,3522,13165.250000000,13167.000000000,13165.000000000,13166.250000000,46,NQM3
2023-04-07T07:03:00.000000000Z,33,1,3522,13167.000000000,13168.250000000,13167.000000000,13168.000000000,29,NQM3
2023-04-07T07:04:00.000000000Z,33,1,3522,13167.750000000,13168.000000000,13166.250000000,13166.500000000,25,NQM3
2023-04-07T07:05:00.000000000Z,33,1,3522,13166.500000000,13166.500000000,13163.250000000,13163.250000000,80,NQM3
2023-04-07T07:06:00.000000000Z,33,1,3522,13163.250000000,13164.500000000,13163.250000000,13164.000000000,26,NQM3
2023-04-07T07:07:00.000000000Z,33,1,3522,13163.750000000,13163.750000000,13160.500000000,13162.750000000,91,NQM3
2023-04-07T07:08:00.000000000Z,33,1,3522,13162.750000000,13163.500000000,13162.250000000,13162.250000000,24,NQM3
2023-04-07T07:09:00.000000000Z,33,1,3522,13163.000000000,13163.000000000,13162.250000000,13162.500000000,7,NQM3
2023-04-07T07:10:00.000000000Z,33,1,3522,13162.500000000,13162.750000000,13162.000000000,13162.250000000,13,NQM3
2023-04-07T07:11:00.000000000Z,33,1,3522,13162.750000000,13164.750000000,13162.500000000,13164.250000000,42,NQM3
2023-04-07T07:12:00.000000000Z,33,1,3522,13164.000000000,13164.000000000,13163.250000000,13163.500000000,11,NQM3
2023-04-07T07:13:00.000000000Z,33,1,3522,13163.000000000,13163.500000000,13162.000000000,13162.000000000,19,NQM3
2023-04-07T07:14:00.000000000Z,33,1,3522,13162.000000000,13162.750000000,13162.000000000,13162.000000000,26,NQM3
2023-04-07T07:15:00.000000000Z,33,1,3522,13161.750000000,13163.250000000,13161.000000000,13163.250000000,27,NQM3
2023-04-07T07:16:00.000000000Z,33,1,3522,13163.000000000,13163.750000000,13162.750000000,13163.000000000,18,NQM3
2023-04-07T07:17:00.000000000Z,33,1,3522,13163.000000000,13163.000000000,13162.750000000,13163.000000000,9,NQM3
2023-04-07T07:18:00.000000000Z,33,1,3522,13163.000000000,13163.250000000,13162.250000000,13162.500000000,21,NQM3
2023-04-07T07:19:00.000000000Z,33,1,3522,13162.000000000,13162.000000000,13161.000000000,13161.750000000,28,NQM3
2023-04-07T07:20:00.000000000Z,33,1,3522,13162.000000000,13162.750000000,13162.000000000,13162.750000000,10,NQM3
2023-04-07T07:21:00.000000000Z,33,1,3522,13162.500000000,13163.250000000,13162.000000000,13163.000000000,25,NQM3
2023-04-07T07:22:00.000000000Z,33,1,3522,13163.250000000,13163.500000000,13163.250000000,13163.500000000,9,NQM3
2023-04-07T07:23:00.000000000Z,33,1,3522,13163.000000000,13163.500000000,13163.000000000,13163.500000000,16,NQM3
2023-04-07T07:24:00.000000000Z,33,1,3522,13163.500000000,13164.000000000,13163.500000000,13164.000000000,4,NQM3
2023-04-07T07:25:00.000000000Z,33,1,3522,13163.250000000,13163.500000000,13162.000000000,13162.000000000,20,NQM3
2023-04-07T07:26:00.000000000Z,33,1,3522,13162.250000000,13162.750000000,13159.500000000,13160.750000000,89,NQM3
2023-04-07T07:27:00.000000000Z,33,1,3522,13160.500000000,13160.500000000,13156.250000000,13156.750000000,145,NQM3
2023-04-07T07:28:00.000000000Z,33,1,3522,13157.000000000,13159.500000000,13156.750000000,13157.250000000,48,NQM3
2023-04-07T07:29:00.000000000Z,33,1,3522,13157.250000000,13157.250000000,13155.000000000,13155.750000000,78,NQM3
2023-04-07T07:30:00.000000000Z,33,1,3522,13156.500000000,13158.500000000,13156.500000000,13158.250000000,34,NQM3
2023-04-07T07:31:00.000000000Z,33,1,3522,13157.750000000,13159.000000000,13157.750000000,13158.750000000,14,NQM3
2023-04-07T07:32:00.000000000Z,33,1,3522,13158.750000000,13158.750000000,13157.750000000,13157.750000000,10,NQM3
2023-04-07T07:33:00.000000000Z,33,1,3522,13158.000000000,13158.000000000,13156.250000000,13156.500000000,27,NQM3
2023-04-07T07:34:00.000000000Z,33,1,3522,13156.250000000,13157.000000000,13154.250000000,13155.500000000,61,NQM3
2023-04-07T07:35:00.000000000Z,33,1,3522,13155.750000000,13157.250000000,13155.500000000,13156.500000000,29,NQM3
2023-04-07T07:36:00.000000000Z,33,1,3522,13156.750000000,13158.750000000,13156.000000000,13158.500000000,35,NQM3
2023-04-07T07:37:00.000000000Z,33,1,3522,13158.500000000,13158.750000000,13158.250000000,13158.250000000,12,NQM3
2023-04-07T07:38:00.000000000Z,33,1,3522,13158.000000000,13158.250000000,13157.500000000,13158.250000000,23,NQM3
2023-04-07T07:39:00.000000000Z,33,1,3522,13158.500000000,13159.500000000,13157.500000000,13157.500000000,38,NQM3
2023-04-07T07:40:00.000000000Z,33,1,3522,13157.500000000,13158.000000000,13157.000000000,13157.750000000,24,NQM3
2023-04-07T07:41:00.000000000Z,33,1,3522,13157.750000000,13158.500000000,13157.500000000,13158.250000000,15,NQM3
2023-04-07T07:42:00.000000000Z,33,1,3522,13158.500000000,13158.500000000,13157.000000000,13158.000000000,23,NQM3
2023-04-07T07:43:00.000000000Z,33,1,3522,13158.000000000,13158.250000000,13157.500000000,13158.250000000,19,NQM3
2023-04-07T07:44:00.000000000Z,33,1,3522,13158.250000000,13158.250000000,13157.500000000,13157.500000000,26,NQM3
2023-04-07T07:45:00.000000000Z,33,1,3522,13157.250000000,13157.250000000,13155.500000000,13156.500000000,32,NQM3
2023-04-07T07:46:00.000000000Z,33,1,3522,13156.500000000,13157.250000000,13156.500000000,13156.500000000,11,NQM3
2023-04-07T07:47:00.000000000Z,33,1,3522,13156.750000000,13156.750000000,13156.250000000,13156.250000000,4,NQM3
2023-04-07T07:48:00.000000000Z,33,1,3522,13156.250000000,13158.000000000,13156.250000000,13156.500000000,21,NQM3
2023-04-07T07:49:00.000000000Z,33,1,3522,13156.250000000,13156.500000000,13154.000000000,13154.750000000,48,NQM3
2023-04-07T07:50:00.000000000Z,33,1,3522,13154.750000000,13155.750000000,13154.000000000,13154.250000000,27,NQM3
2023-04-07T07:51:00.000000000Z,33,1,3522,13154.000000000,13155.750000000,13153.750000000,13155.750000000,17,NQM3
2023-04-07T07:52:00.000000000Z,33,1,3522,13155.750000000,13156.250000000,13153.750000000,13154.500000000,52,NQM3
2023-04-07T07:53:00.000000000Z,33,1,3522,13154.750000000,13156.000000000,13154.500000000,13155.500000000,21,NQM3
2023-04-07T07:54:00.000000000Z,33,1,3522,13155.750000000,13156.000000000,13155.000000000,13155.250000000,30,NQM3
2023-04-07T07:55:00.000000000Z,33,1,3522,13155.000000000,13155.750000000,13154.250000000,13155.500000000,17,NQM3
2023-04-07T07:56:00.000000000Z,33,1,3522,13155.750000000,13156.000000000,13155.000000000,13155.250000000,11,NQM3
2023-04-07T07:58:00.000000000Z,33,1,3522,13156.250000000,13156.500000000,13155.500000000,13155.500000000,8,NQM3
2023-04-07T07:59:00.000000000Z,33,1,3522,13155.750000000,13157.000000000,13155.500000000,13156.250000000,24,NQM3
2023-04-07T08:00:00.000000000Z,33,1,3522,13155.750000000,13156.500000000,13155.500000000,13156.250000000,18,NQM3
2023-04-07T08:01:00.000000000Z,33,1,3522,13156.250000000,13156.250000000,13155.250000000,13156.000000000,29,NQM3
2023-04-07T08:02:00.000000000Z,33,1,3522,13156.000000000,13158.250000000,13155.500000000,13158.250000000,48,NQM3
2023-04-07T08:03:00.000000000Z,33,1,3522,13157.750000000,13158.500000000,13157.500000000,13158.500000000,13,NQM3
2023-04-07T08:04:00.000000000Z,33,1,3522,13158.250000000,13159.250000000,13157.750000000,13158.750000000,27,NQM3
2023-04-07T08:05:00.000000000Z,33,1,3522,13158.250000000,13158.750000000,13157.250000000,13158.250000000,31,NQM3
2023-04-07T08:06:00.000000000Z,33,1,3522,13158.500000000,13158.750000000,13158.250000000,13158.250000000,7,NQM3
2023-04-07T08:07:00.000000000Z,33,1,3522,13158.250000000,13158.750000000,13157.750000000,13158.250000000,24,NQM3
2023-04-07T08:08:00.000000000Z,33,1,3522,13158.000000000,13159.000000000,13158.000000000,13159.000000000,5,NQM3
2023-04-07T08:09:00.000000000Z,33,1,3522,13159.000000000,13161.250000000,13159.000000000,13161.250000000,58,NQM3
2023-04-07T08:10:00.000000000Z,33,1,3522,13161.250000000,13161.500000000,13160.500000000,13161.000000000,25,NQM3
2023-04-07T08:11:00.000000000Z,33,1,3522,13161.250000000,13162.500000000,13161.250000000,13161.500000000,23,NQM3
2023-04-07T08:12:00.000000000Z,33,1,3522,13161.750000000,13161.750000000,13161.000000000,13161.500000000,11,NQM3
2023-04-07T08:13:00.000000000Z,33,1,3522,13161.250000000,13161.250000000,13161.250000000,13161.250000000,3,NQM3
2023-04-07T08:14:00.000000000Z,33,1,3522,13161.500000000,13162.000000000,13161.500000000,13162.000000000,10,NQM3
2023-04-07T08:15:00.000000000Z,33,1,3522,13162.250000000,13163.750000000,13162.250000000,13163.250000000,42,NQM3
2023-04-07T08:16:00.000000000Z,33,1,3522,13163.250000000,13163.500000000,13162.500000000,13162.500000000,13,NQM3
2023-04-07T08:17:00.000000000Z,33,1,3522,13162.250000000,13162.500000000,13161.750000000,13162.500000000,17,NQM3
2023-04-07T08:18:00.000000000Z,33,1,3522,13162.750000000,13163.000000000,13162.000000000,13162.250000000,16,NQM3
2023-04-07T08:19:00.000000000Z,33,1,3522,13163.000000000,13163.250000000,13163.000000000,13163.250000000,9,NQM3
2023-04-07T08:20:00.000000000Z,33,1,3522,13163.250000000,13166.000000000,13163.250000000,13164.750000000,92,NQM3
2023-04-07T08:21:00.000000000Z,33,1,3522,13164.500000000,13165.000000000,13164.000000000,13164.750000000,17,NQM3
2023-04-07T08:22:00.000000000Z,33,1,3522,13165.000000000,13165.000000000,13163.750000000,13164.000000000,8,NQM3
2023-04-07T08:23:00.000000000Z,33,1,3522,13164.500000000,13165.250000000,13164.000000000,13164.750000000,22,NQM3
2023-04-07T08:24:00.000000000Z,33,1,3522,13164.500000000,13165.000000000,13164.250000000,13164.500000000,13,NQM3
2023-04-07T08:25:00.000000000Z,33,1,3522,13164.750000000,13166.250000000,13164.750000000,13166.250000000,37,NQM3
2023-04-07T08:26:00.000000000Z,33,1,3522,13166.500000000,13166.500000000,13165.750000000,13166.000000000,16,NQM3
2023-04-07T08:27:00.000000000Z,33,1,3522,13165.750000000,13167.250000000,13165.750000000,13166.250000000,26,NQM3
2023-04-07T08:28:00.000000000Z,33,1,3522,13166.500000000,13168.000000000,13166.500000000,13167.500000000,24,NQM3
2023-04-07T08:29:00.000000000Z,33,1,3522,13167.500000000,13170.000000000,13167.500000000,13169.000000000,76,NQM3
2023-04-07T08:30:00.000000000Z,33,1,3522,13169.500000000,13172.750000000,13168.750000000,13171.750000000,147,NQM3
2023-04-07T08:31:00.000000000Z,33,1,3522,13171.500000000,13174.250000000,13171.500000000,13172.250000000,97,NQM3
2023-04-07T08:32:00.000000000Z,33,1,3522,13172.750000000,13172.750000000,13171.250000000,13172.000000000,40,NQM3
2023-04-07T08:33:00.000000000Z,33,1,3522,13172.500000000,13173.500000000,13172.000000000,13173.000000000,32,NQM3
2023-04-07T08:34:00.000000000Z,33,1,3522,13173.250000000,13173.250000000,13171.750000000,13172.250000000,21,NQM3
2023-04-07T08:35:00.000000000Z,33,1,3522,13173.000000000,13173.500000000,13171.750000000,13173.500000000,28,NQM3
2023-04-07T08:36:00.000000000Z,33,1,3522,13173.500000000,13174.000000000,13172.500000000,13173.500000000,35,NQM3
2023-04-07T08:37:00.000000000Z,33,1,3522,13173.500000000,13174.250000000,13173.250000000,13174.250000000,17,NQM3
2023-04-07T08:38:00.000000000Z,33,1,3522,13174.250000000,13174.500000000,13172.750000000,13172.750000000,29,NQM3
2023-04-07T08:39:00.000000000Z,33,1,3522,13172.250000000,13172.250000000,13170.500000000,13171.750000000,62,NQM3
2023-04-07T08:40:00.000000000Z,33,1,3522,13172.000000000,13172.000000000,13170.250000000,13170.500000000,13,NQM3
2023-04-07T08:41:00.000000000Z,33,1,3522,13171.000000000,13171.250000000,13170.750000000,13170.750000000,5,NQM3
2023-04-07T08:42:00.000000000Z,33,1,3522,13170.750000000,13170.750000000,13169.500000000,13169.500000000,22,NQM3
2023-04-07T08:43:00.000000000Z,33,1,3522,13169.500000000,13170.000000000,13168.500000000,13168.750000000,25,NQM3
2023-04-07T08:44:00.000000000Z,33,1,3522,13169.000000000,13169.500000000,13168.500000000,13168.750000000,19,NQM3
2023-04-07T08:45:00.000000000Z,33,1,3522,13169.250000000,13170.750000000,13169.000000000,13170.500000000,26,NQM3
2023-04-07T08:46:00.000000000Z,33,1,3522,13170.000000000,13172.750000000,13170.000000000,13172.750000000,28,NQM3
2023-04-07T08:47:00.000000000Z,33,1,3522,13172.750000000,13173.000000000,13171.500000000,13171.500000000,39,NQM3
2023-04-07T08:48:00.000000000Z,33,1,3522,13171.750000000,13172.500000000,13171.500000000,13172.250000000,14,NQM3
2023-04-07T08:49:00.000000000Z,33,1,3522,13172.000000000,13172.000000000,13167.500000000,13168.500000000,111,NQM3
2023-04-07T08:50:00.000000000Z,33,1,3522,13168.750000000,13170.000000000,13168.500000000,13170.000000000,23,NQM3
2023-04-07T08:51:00.000000000Z,33,1,3522,13170.250000000,13172.250000000,13170.250000000,13171.000000000,37,NQM3
2023-04-07T08:52:00.000000000Z,33,1,3522,13170.500000000,13173.000000000,13170.500000000,13173.000000000,32,NQM3
2023-04-07T08:53:00.000000000Z,33,1,3522,13172.500000000,13173.000000000,13172.000000000,13173.000000000,10,NQM3
2023-04-07T08:54:00.000000000Z,33,1,3522,13172.750000000,13176.000000000,13172.750000000,13175.000000000,76,NQM3
2023-04-07T08:55:00.000000000Z,33,1,3522,13175.250000000,13175.250000000,13172.500000000,13173.750000000,45,NQM3
2023-04-07T08:56:00.000000000Z,33,1,3522,13173.750000000,13173.750000000,13172.500000000,13173.750000000,35,NQM3
2023-04-07T08:57:00.000000000Z,33,1,3522,13173.500000000,13173.500000000,13172.250000000,13173.500000000,16,NQM3
2023-04-07T08:58:00.000000000Z,33,1,3522,13173.000000000,13173.000000000,13172.750000000,13172.750000000,8,NQM3
2023-04-07T08:59:00.000000000Z,33,1,3522,13172.500000000,13173.750000000,13172.500000000,13173.500000000,19,NQM3
2023-04-07T09:00:00.000000000Z,33,1,3522,13172.750000000,13173.750000000,13170.000000000,13170.000000000,77,NQM3
2023-04-07T09:01:00.000000000Z,33,1,3522,13170.250000000,13171.750000000,13170.000000000,13171.750000000,24,NQM3
2023-04-07T09:02:00.000000000Z,33,1,3522,13171.500000000,13172.250000000,13170.750000000,13172.250000000,38,NQM3
2023-04-07T09:03:00.000000000Z,33,1,3522,13171.000000000,13171.500000000,13170.250000000,13170.250000000,31,NQM3
2023-04-07T09:04:00.000000000Z,33,1,3522,13170.500000000,13171.000000000,13169.750000000,13171.000000000,15,NQM3
2023-04-07T09:05:00.000000000Z,33,1,3522,13171.000000000,13171.500000000,13170.750000000,13170.750000000,20,NQM3
2023-04-07T09:06:00.000000000Z,33,1,3522,13171.000000000,13171.000000000,13170.000000000,13170.000000000,9,NQM3
2023-04-07T09:07:00.000000000Z,33,1,3522,13170.500000000,13170.500000000,13168.750000000,13168.750000000,26,NQM3
2023-04-07T09:08:00.000000000Z,33,1,3522,13168.000000000,13168.000000000,13165.500000000,13166.250000000,69,NQM3
2023-04-07T09:09:00.000000000Z,33,1,3522,13166.250000000,13168.250000000,13166.000000000,13168.000000000,37,NQM3
2023-04-07T09:10:00.000000000Z,33,1,3522,13168.500000000,13169.000000000,13168.250000000,13169.000000000,6,NQM3
2023-04-07T09:11:00.000000000Z,33,1,3522,13168.750000000,13169.250000000,13168.750000000,13169.250000000,6,NQM3
2023-04-07T09:12:00.000000000Z,33,1,3522,13169.500000000,13169.750000000,13168.000000000,13168.000000000,17,NQM3
2023-04-07T09:13:00.000000000Z,33,1,3522,13167.000000000,13167.500000000,13166.750000000,13167.500000000,7,NQM3
2023-04-07T09:14:00.000000000Z,33,1,3522,13167.750000000,13168.250000000,13167.750000000,13168.250000000,5,NQM3
2023-04-07T09:15:00.000000000Z,33,1,3522,13168.750000000,13169.250000000,13168.750000000,13169.250000000,8,NQM3
2023-04-07T09:16:00.000000000Z,33,1,3522,13169.250000000,13169.750000000,13169.250000000,13169.250000000,7,NQM3
2023-04-07T09:17:00.000000000Z,33,1,3522,13170.000000000,13171.500000000,13170.000000000,13171.250000000,28,NQM3
2023-04-07T09:18:00.000000000Z,33,1,3522,13171.250000000,13171.500000000,13171.000000000,13171.500000000,11,NQM3
2023-04-07T09:19:00.000000000Z,33,1,3522,13171.750000000,13171.750000000,13171.000000000,13171.000000000,6,NQM3
2023-04-07T09:20:00.000000000Z,33,1,3522,13170.750000000,13171.250000000,13169.750000000,13170.000000000,15,NQM3
2023-04-07T09:21:00.000000000Z,33,1,3522,13170.250000000,13171.000000000,13170.250000000,13171.000000000,13,NQM3
2023-04-07T09:22:00.000000000Z,33,1,3522,13171.500000000,13173.000000000,13171.500000000,13172.250000000,39,NQM3
2023-04-07T09:23:00.000000000Z,33,1,3522,13172.500000000,13173.250000000,13172.000000000,13172.000000000,14,NQM3
2023-04-07T09:24:00.000000000Z,33,1,3522,13171.500000000,13172.500000000,13171.000000000,13171.500000000,58,NQM3
2023-04-07T09:25:00.000000000Z,33,1,3522,13172.250000000,13173.000000000,13171.750000000,13172.250000000,25,NQM3
2023-04-07T09:26:00.000000000Z,33,1,3522,13172.250000000,13172.250000000,13171.500000000,13171.750000000,11,NQM3
2023-04-07T09:27:00.000000000Z,33,1,3522,13171.750000000,13171.750000000,13171.500000000,13171.750000000,6,NQM3
2023-04-07T09:28:00.000000000Z,33,1,3522,13172.250000000,13172.250000000,13169.000000000,13170.250000000,43,NQM3
2023-04-07T09:29:00.000000000Z,33,1,3522,13170.500000000,13170.500000000,13168.500000000,13168.750000000,21,NQM3
2023-04-07T09:30:00.000000000Z,33,1,3522,13168.750000000,13170.250000000,13168.750000000,13169.500000000,23,NQM3
2023-04-07T09:31:00.000000000Z,33,1,3522,13169.750000000,13169.750000000,13169.750000000,13169.750000000,2,NQM3
2023-04-07T09:32:00.000000000Z,33,1,3522,13169.500000000,13169.500000000,13168.500000000,13168.500000000,12,NQM3
2023-04-07T09:33:00.000000000Z,33,1,3522,13168.000000000,13169.000000000,13167.750000000,13169.000000000,23,NQM3
2023-04-07T09:34:00.000000000Z,33,1,3522,13168.500000000,13170.000000000,13168.500000000,13168.750000000,21,NQM3
2023-04-07T09:35:00.000000000Z,33,1,3522,13168.750000000,13169.500000000,13168.500000000,13168.750000000,20,NQM3
2023-04-07T09:36:00.000000000Z,33,1,3522,13169.250000000,13169.500000000,13168.000000000,13169.000000000,18,NQM3
2023-04-07T09:37:00.000000000Z,33,1,3522,13170.000000000,13170.250000000,13169.750000000,13169.750000000,7,NQM3
2023-04-07T09:38:00.000000000Z,33,1,3522,13170.250000000,13170.250000000,13169.750000000,13169.750000000,15,NQM3
2023-04-07T09:39:00.000000000Z,33,1,3522,13170.000000000,13170.000000000,13169.250000000,13169.750000000,15,NQM3
2023-04-07T09:40:00.000000000Z,33,1,3522,13170.500000000,13173.750000000,13170.500000000,13172.750000000,109,NQM3
2023-04-07T09:41:00.000000000Z,33,1,3522,13172.500000000,13173.000000000,13171.500000000,13172.750000000,27,NQM3
2023-04-07T09:42:00.000000000Z,33,1,3522,13172.750000000,13173.250000000,13170.250000000,13170.750000000,30,NQM3
2023-04-07T09:43:00.000000000Z,33,1,3522,13170.750000000,13171.000000000,13169.750000000,13171.000000000,20,NQM3
2023-04-07T09:44:00.000000000Z,33,1,3522,13171.000000000,13171.750000000,13170.500000000,13171.750000000,13,NQM3
2023-04-07T09:45:00.000000000Z,33,1,3522,13172.000000000,13172.000000000,13170.500000000,13171.000000000,19,NQM3
2023-04-07T09:46:00.000000000Z,33,1,3522,13171.250000000,13172.000000000,13171.250000000,13171.500000000,10,NQM3
2023-04-07T09:47:00.000000000Z,33,1,3522,13171.250000000,13172.750000000,13170.500000000,13170.500000000,23,NQM3
2023-04-07T09:48:00.000000000Z,33,1,3522,13170.500000000,13170.500000000,13168.750000000,13168.750000000,21,NQM3
2023-04-07T09:49:00.000000000Z,33,1,3522,13169.250000000,13170.000000000,13169.250000000,13170.000000000,10,NQM3
2023-04-07T09:50:00.000000000Z,33,1,3522,13170.000000000,13170.000000000,13169.500000000,13169.500000000,5,NQM3
2023-04-07T09:51:00.000000000Z,33,1,3522,13169.250000000,13170.000000000,13169.250000000,13169.250000000,10,NQM3
2023-04-07T09:52:00.000000000Z,33,1,3522,13169.000000000,13169.000000000,13168.250000000,13168.750000000,15,NQM3
2023-04-07T09:53:00.000000000Z,33,1,3522,13168.500000000,13169.500000000,13167.500000000,13167.500000000,45,NQM3
2023-04-07T09:54:00.000000000Z,33,1,3522,13167.500000000,13168.500000000,13167.250000000,13168.000000000,32,NQM3
2023-04-07T09:55:00.000000000Z,33,1,3522,13168.500000000,13168.500000000,13168.000000000,13168.500000000,5,NQM3
2023-04-07T09:56:00.000000000Z,33,1,3522,13168.000000000,13169.000000000,13168.000000000,13168.500000000,15,NQM3
2023-04-07T09:57:00.000000000Z,33,1,3522,13168.500000000,13170.000000000,13168.500000000,13169.000000000,39,NQM3
2023-04-07T09:58:00.000000000Z,33,1,3522,13169.500000000,13169.500000000,13168.500000000,13169.250000000,16,NQM3
2023-04-07T09:59:00.000000000Z,33,1,3522,13169.500000000,13169.750000000,13169.250000000,13169.750000000,5,NQM3
2023-04-07T10:00:00.000000000Z,33,1,3522,13169.750000000,13170.500000000,13169.000000000,13169.000000000,21,NQM3
2023-04-07T10:01:00.000000000Z,33,1,3522,13168.500000000,13170.000000000,13168.500000000,13170.000000000,9,NQM3
2023-04-07T10:02:00.000000000Z,33,1,3522,13169.250000000,13169.500000000,13169.000000000,13169.000000000,11,NQM3
2023-04-07T10:03:00.000000000Z,33,1,3522,13169.000000000,13170.000000000,13168.750000000,13169.000000000,24,NQM3
2023-04-07T10:04:00.000000000Z,33,1,3522,13168.750000000,13169.750000000,13168.750000000,13169.000000000,7,NQM3
2023-04-07T10:05:00.000000000Z,33,1,3522,13169.000000000,13170.250000000,13169.000000000,13169.750000000,11,NQM3
2023-04-07T10:06:00.000000000Z,33,1,3522,13169.500000000,13169.500000000,13169.250000000,13169.250000000,3,NQM3
2023-04-07T10:07:00.000000000Z,33,1,3522,13169.250000000,13169.500000000,13169.250000000,13169.250000000,6,NQM3
2023-04-07T10:08:00.000000000Z,33,1,3522,13169.500000000,13169.500000000,13167.250000000,13168.750000000,52,NQM3
2023-04-07T10:09:00.000000000Z,33,1,3522,13169.250000000,13169.250000000,13167.750000000,13167.750000000,36,NQM3
2023-04-07T10:10:00.000000000Z,33,1,3522,13167.750000000,13168.250000000,13167.000000000,13167.000000000,23,NQM3
2023-04-07T10:11:00.000000000Z,33,1,3522,13167.000000000,13167.750000000,13166.500000000,13166.500000000,34,NQM3
2023-04-07T10:12:00.000000000Z,33,1,3522,13167.000000000,13167.000000000,13163.750000000,13165.250000000,113,NQM3
2023-04-07T10:13:00.000000000Z,33,1,3522,13165.500000000,13166.000000000,13165.000000000,13165.000000000,10,NQM3
2023-04-07T10:14:00.000000000Z,33,1,3522,13164.750000000,13165.750000000,13164.500000000,13165.500000000,37,NQM3
2023-04-07T10:15:00.000000000Z,33,1,3522,13165.000000000,13165.000000000,13164.250000000,13164.750000000,17,NQM3
2023-04-07T10:16:00.000000000Z,33,1,3522,13164.500000000,13164.500000000,13162.000000000,13162.500000000,75,NQM3
2023-04-07T10:17:00.000000000Z,33,1,3522,13162.500000000,13163.500000000,13162.250000000,13162.500000000,31,NQM3
2023-04-07T10:18:00.000000000Z,33,1,3522,13162.000000000,13162.000000000,13160.000000000,13161.250000000,74,NQM3
2023-04-07T10:19:00.000000000Z,33,1,3522,13161.250000000,13162.750000000,13161.250000000,13162.000000000,27,NQM3
2023-04-07T10:20:00.000000000Z,33,1,3522,13161.750000000,13162.500000000,13161.750000000,13162.500000000,11,NQM3
2023-04-07T10:21:00.000000000Z,33,1,3522,13162.750000000,13163.250000000,13161.000000000,13161.250000000,41,NQM3
2023-04-07T10:22:00.000000000Z,33,1,3522,13161.500000000,13161.500000000,13160.500000000,13160.750000000,26,NQM3
2023-04-07T10:23:00.000000000Z,33,1,3522,13161.000000000,13162.250000000,13160.750000000,13161.750000000,29,NQM3
2023-04-07T10:24:00.000000000Z,33,1,3522,13162.000000000,13162.250000000,13161.000000000,13161.500000000,13,NQM3
2023-04-07T10:25:00.000000000Z,33,1,3522,13161.250000000,13161.250000000,13159.250000000,13159.250000000,54,NQM3
2023-04-07T10:26:00.000000000Z,33,1,3522,13159.500000000,13160.000000000,13158.000000000,13159.000000000,46,NQM3
2023-04-07T10:27:00.000000000Z,33,1,3522,13159.000000000,13159.000000000,13158.500000000,13159.000000000,18,NQM3
2023-04-07T10:28:00.000000000Z,33,1,3522,13159.000000000,13159.500000000,13158.750000000,13158.750000000,10,NQM3
2023-04-07T10:29:00.000000000Z,33,1,3522,13159.250000000,13160.250000000,13159.250000000,13160.000000000,18,NQM3
2023-04-07T10:30:00.000000000Z,33,1,3522,13160.250000000,13161.500000000,13160.250000000,13160.500000000,13,NQM3
2023-04-07T10:31:00.000000000Z,33,1,3522,13160.250000000,13160.750000000,13160.250000000,13160.500000000,10,NQM3
2023-04-07T10:32:00.000000000Z,33,1,3522,13160.500000000,13161.500000000,13160.500000000,13161.500000000,23,NQM3
2023-04-07T10:33:00.000000000Z,33,1,3522,13161.000000000,13163.000000000,13161.000000000,13163.000000000,26,NQM3
2023-04-07T10:34:00.000000000Z,33,1,3522,13163.000000000,13163.000000000,13161.500000000,13161.750000000,29,NQM3
2023-04-07T10:35:00.000000000Z,33,1,3522,13162.250000000,13162.250000000,13161.750000000,13161.750000000,5,NQM3
2023-04-07T10:36:00.000000000Z,33,1,3522,13162.000000000,13162.500000000,13161.500000000,13162.250000000,11,NQM3
2023-04-07T10:37:00.000000000Z,33,1,3522,13162.250000000,13163.000000000,13162.250000000,13163.000000000,8,NQM3
2023-04-07T10:38:00.000000000Z,33,1,3522,13163.250000000,13164.000000000,13163.250000000,13163.250000000,18,NQM3
2023-04-07T10:39:00.000000000Z,33,1,3522,13163.500000000,13164.250000000,13163.500000000,13164.250000000,20,NQM3
2023-04-07T10:40:00.000000000Z,33,1,3522,13164.000000000,13164.750000000,13162.000000000,13162.750000000,42,NQM3
2023-04-07T10:41:00.000000000Z,33,1,3522,13162.500000000,13164.500000000,13162.500000000,13164.500000000,17,NQM3
2023-04-07T10:42:00.000000000Z,33,1,3522,13164.250000000,13165.500000000,13163.000000000,13164.250000000,60,NQM3
2023-04-07T10:43:00.000000000Z,33,1,3522,13164.000000000,13164.750000000,13163.750000000,13164.750000000,14,NQM3
2023-04-07T10:44:00.000000000Z,33,1,3522,13164.250000000,13164.250000000,13162.250000000,13163.500000000,29,NQM3
2023-04-07T10:45:00.000000000Z,33,1,3522,13163.000000000,13163.250000000,13163.000000000,13163.250000000,3,NQM3
2023-04-07T10:46:00.000000000Z,33,1,3522,13163.250000000,13164.000000000,13162.750000000,13163.000000000,19,NQM3
2023-04-07T10:47:00.000000000Z,33,1,3522,13163.250000000,13164.000000000,13163.250000000,13163.500000000,19,NQM3
2023-04-07T10:48:00.000000000Z,33,1,3522,13162.750000000,13162.750000000,13161.750000000,13162.000000000,17,NQM3
2023-04-07T10:49:00.000000000Z,33,1,3522,13161.750000000,13162.000000000,13161.500000000,13162.000000000,9,NQM3
2023-04-07T10:50:00.000000000Z,33,1,3522,13162.000000000,13162.750000000,13162.000000000,13162.500000000,8,NQM3
2023-04-07T10:51:00.000000000Z,33,1,3522,13162.750000000,13164.250000000,13162.750000000,13163.750000000,20,NQM3
2023-04-07T10:52:00.000000000Z,33,1,3522,13163.500000000,13164.500000000,13163.500000000,13164.500000000,8,NQM3
2023-04-07T10:53:00.000000000Z,33,1,3522,13164.500000000,13165.250000000,13164.500000000,13164.750000000,19,NQM3
2023-04-07T10:54:00.000000000Z,33,1,3522,13164.500000000,13166.250000000,13164.500000000,13165.750000000,30,NQM3
2023-04-07T10:55:00.000000000Z,33,1,3522,13165.500000000,13168.000000000,13165.500000000,13166.750000000,49,NQM3
2023-04-07T10:56:00.000000000Z,33,1,3522,13166.750000000,13168.250000000,13166.500000000,13167.500000000,22,NQM3
2023-04-07T10:57:00.000000000Z,33,1,3522,13167.750000000,13168.750000000,13167.000000000,13167.000000000,30,NQM3
2023-04-07T10:58:00.000000000Z,33,1,3522,13167.500000000,13168.000000000,13167.500000000,13168.000000000,7,NQM3
2023-04-07T10:59:00.000000000Z,33,1,3522,13168.000000000,13169.750000000,13168.000000000,13168.750000000,60,NQM3
2023-04-07T11:00:00.000000000Z,33,1,3522,13169.000000000,13169.250000000,13168.750000000,13169.250000000,11,NQM3
2023-04-07T11:01:00.000000000Z,33,1,3522,13169.250000000,13171.250000000,13168.750000000,13169.500000000,108,NQM3
2023-04-07T11:02:00.000000000Z,33,1,3522,13169.750000000,13172.000000000,13169.750000000,13171.750000000,48,NQM3
2023-04-07T11:03:00.000000000Z,33,1,3522,13172.000000000,13172.250000000,13170.250000000,13171.500000000,39,NQM3
2023-04-07T11:04:00.000000000Z,33,1,3522,13171.750000000,13171.750000000,13170.250000000,13171.000000000,29,NQM3
2023-04-07T11:05:00.000000000Z,33,1,3522,13170.750000000,13171.500000000,13169.250000000,13170.000000000,46,NQM3
2023-04-07T11:06:00.000000000Z,33,1,3522,13169.750000000,13171.250000000,13169.500000000,13169.500000000,24,NQM3
2023-04-07T11:07:00.000000000Z,33,1,3522,13170.000000000,13170.000000000,13167.750000000,13167.750000000,74,NQM3
2023-04-07T11:08:00.000000000Z,33,1,3522,13167.500000000,13168.500000000,13167.500000000,13168.500000000,12,NQM3
2023-04-07T11:09:00.000000000Z,33,1,3522,13168.250000000,13168.250000000,13165.750000000,13166.250000000,33,NQM3
2023-04-07T11:10:00.000000000Z,33,1,3522,13166.000000000,13167.000000000,13166.000000000,13166.750000000,14,NQM3
2023-04-07T11:11:00.000000000Z,33,1,3522,13167.000000000,13168.500000000,13166.750000000,13167.250000000,38,NQM3
2023-04-07T11:12:00.000000000Z,33,1,3522,13167.750000000,13168.250000000,13167.500000000,13168.000000000,16,NQM3
2023-04-07T11:13:00.000000000Z,33,1,3522,13168.000000000,13168.500000000,13167.250000000,13167.750000000,19,NQM3
2023-04-07T11:14:00.000000000Z,33,1,2130,13304.000000000,13304.000000000,13304.000000000,13304.000000000,1,NQU3
2023-04-07T11:14:00.000000000Z,33,1,3522,13167.250000000,13167.250000000,13163.250000000,13163.250000000,78,NQM3
2023-04-07T11:15:00.000000000Z,33,1,3522,13163.000000000,13163.000000000,13161.250000000,13162.500000000,110,NQM3
2023-04-07T11:16:00.000000000Z,33,1,3522,13162.500000000,13163.500000000,13161.500000000,13161.500000000,39,NQM3
2023-04-07T11:17:00.000000000Z,33,1,3522,13161.250000000,13161.250000000,13160.000000000,13160.750000000,55,NQM3
2023-04-07T11:18:00.000000000Z,33,1,3522,13161.000000000,13162.000000000,13160.250000000,13162.000000000,25,NQM3
2023-04-07T11:19:00.000000000Z,33,1,3522,13163.000000000,13163.000000000,13162.000000000,13162.500000000,28,NQM3
2023-04-07T11:20:00.000000000Z,33,1,3522,13163.000000000,13164.500000000,13163.000000000,13163.750000000,45,NQM3
2023-04-07T11:21:00.000000000Z,33,1,3522,13163.250000000,13164.500000000,13163.250000000,13164.000000000,31,NQM3
2023-04-07T11:22:00.000000000Z,33,1,3522,13164.000000000,13167.250000000,13163.750000000,13165.500000000,50,NQM3
2023-04-07T11:23:00.000000000Z,33,1,3522,13165.500000000,13167.500000000,13165.500000000,13167.500000000,50,NQM3
2023-04-07T11:24:00.000000000Z,33,1,3522,13167.250000000,13167.250000000,13166.000000000,13166.000000000,17,NQM3
2023-04-07T11:25:00.000000000Z,33,1,3522,13166.000000000,13168.000000000,13166.000000000,13167.750000000,43,NQM3
2023-04-07T11:26:00.000000000Z,33,1,3522,13167.250000000,13168.250000000,13166.500000000,13167.000000000,68,NQM3
2023-04-07T11:27:00.000000000Z,33,1,3522,13167.000000000,13167.250000000,13165.750000000,13167.000000000,73,NQM3
2023-04-07T11:28:00.000000000Z,33,1,3522,13167.500000000,13167.750000000,13167.000000000,13167.500000000,12,NQM3
2023-04-07T11:29:00.000000000Z,33,1,3522,13167.500000000,13167.500000000,13166.250000000,13167.000000000,34,NQM3
2023-04-07T11:30:00.000000000Z,33,1,3522,13166.750000000,13169.000000000,13166.750000000,13167.500000000,53,NQM3
2023-04-07T11:31:00.000000000Z,33,1,3522,13167.250000000,13167.500000000,13165.250000000,13165.750000000,47,NQM3
2023-04-07T11:32:00.000000000Z,33,1,3522,13166.000000000,13166.750000000,13166.000000000,13166.250000000,19,NQM3
2023-04-07T11:33:00.000000000Z,33,1,3522,13166.000000000,13167.750000000,13165.500000000,13167.750000000,25,NQM3
2023-04-07T11:34:00.000000000Z,33,1,3522,13168.000000000,13168.500000000,13166.500000000,13166.750000000,59,NQM3
2023-04-07T11:35:00.000000000Z,33,1,3522,13166.500000000,13166.500000000,13165.500000000,13166.250000000,45,NQM3
2023-04-07T11:36:00.000000000Z,33,1,3522,13166.250000000,13167.250000000,13165.000000000,13165.250000000,27,NQM3
2023-04-07T11:37:00.000000000Z,33,1,3522,13165.000000000,13166.000000000,13164.250000000,13165.250000000,30,NQM3
2023-04-07T11:38:00.000000000Z,33,1,3522,13164.750000000,13165.250000000,13164.750000000,13164.750000000,10,NQM3
2023-04-07T11:39:00.000000000Z,33,1,3522,13165.000000000,13166.000000000,13164.500000000,13164.500000000,17,NQM3
2023-04-07T11:40:00.000000000Z,33,1,3522,13164.250000000,13164.250000000,13162.750000000,13163.500000000,66,NQM3
2023-04-07T11:41:00.000000000Z,33,1,3522,13163.000000000,13163.250000000,13162.500000000,13163.250000000,20,NQM3
2023-04-07T11:42:00.000000000Z,33,1,3522,13163.000000000,13163.000000000,13160.750000000,13160.750000000,68,NQM3
2023-04-07T11:43:00.000000000Z,33,1,3522,13160.750000000,13161.000000000,13157.750000000,13159.250000000,115,NQM3
2023-04-07T11:44:00.000000000Z,33,1,3522,13159.750000000,13161.000000000,13159.500000000,13161.000000000,43,NQM3
2023-04-07T11:45:00.000000000Z,33,1,3522,13160.750000000,13161.000000000,13158.750000000,13161.000000000,35,NQM3
2023-04-07T11:46:00.000000000Z,33,1,3522,13161.250000000,13161.500000000,13160.250000000,13160.250000000,33,NQM3
2023-04-07T11:47:00.000000000Z,33,1,3522,13160.750000000,13162.500000000,13160.500000000,13161.250000000,45,NQM3
2023-04-07T11:48:00.000000000Z,33,1,3522,13161.500000000,13161.500000000,13160.750000000,13160.750000000,14,NQM3
2023-04-07T11:49:00.000000000Z,33,1,3522,13161.500000000,13161.500000000,13149.500000000,13150.250000000,455,NQM3
2023-04-07T11:49:00.000000000Z,33,1,2130,13293.000000000,13293.000000000,13293.000000000,13293.000000000,1,NQU3
2023-04-07T11:50:00.000000000Z,33,1,3522,13150.250000000,13151.000000000,13146.500000000,13151.000000000,177,NQM3
2023-04-07T11:51:00.000000000Z,33,1,3522,13151.000000000,13152.000000000,13149.000000000,13151.250000000,74,NQM3
2023-04-07T11:52:00.000000000Z,33,1,3522,13151.000000000,13152.250000000,13151.000000000,13151.000000000,42,NQM3
2023-04-07T11:53:00.000000000Z,33,1,3522,13151.500000000,13151.500000000,13147.500000000,13148.500000000,57,NQM3
2023-04-07T11:54:00.000000000Z,33,1,3522,13148.500000000,13149.500000000,13145.500000000,13145.750000000,62,NQM3
2023-04-07T11:55:00.000000000Z,33,1,3522,13146.500000000,13146.500000000,13141.750000000,13144.000000000,160,NQM3
2023-04-07T11:56:00.000000000Z,33,1,3522,13143.750000000,13146.750000000,13143.500000000,13146.000000000,106,NQM3
2023-04-07T11:56:00.000000000Z,33,1,2130,13284.000000000,13284.000000000,13284.000000000,13284.000000000,1,NQU3
2023-04-07T11:57:00.000000000Z,33,1,3522,13146.500000000,13147.750000000,13145.500000000,13146.500000000,103,NQM3
2023-04-07T11:57:00.000000000Z,33,1,2130,13287.500000000,13287.500000000,13287.500000000,13287.500000000,1,NQU3
2023-04-07T11:58:00.000000000Z,33,1,3522,13147.000000000,13148.750000000,13147.000000000,13147.500000000,68,NQM3
2023-04-07T11:59:00.000000000Z,33,1,3522,13147.500000000,13150.500000000,13147.500000000,13149.000000000,65,NQM3
2023-04-07T12:00:00.000000000Z,33,1,3522,13149.000000000,13149.500000000,13142.250000000,13145.000000000,187,NQM3
2023-04-07T12:01:00.000000000Z,33,1,3522,13145.000000000,13145.750000000,13140.500000000,13142.750000000,147,NQM3
2023-04-07T12:02:00.000000000Z,33,1,3522,13143.000000000,13144.750000000,13142.750000000,13143.250000000,59,NQM3
2023-04-07T12:03:00.000000000Z,33,1,3522,13143.250000000,13144.250000000,13141.000000000,13144.250000000,46,NQM3
2023-04-07T12:04:00.000000000Z,33,1,3522,13143.750000000,13145.750000000,13143.250000000,13145.750000000,61,NQM3
2023-04-07T12:05:00.000000000Z,33,1,3522,13144.750000000,13146.500000000,13144.500000000,13144.500000000,49,NQM3
2023-04-07T12:06:00.000000000Z,33,1,3522,13144.750000000,13145.250000000,13142.500000000,13143.750000000,59,NQM3
2023-04-07T12:07:00.000000000Z,33,1,3522,13144.250000000,13144.500000000,13142.250000000,13142.500000000,38,NQM3
2023-04-07T12:08:00.000000000Z,33,1,3522,13143.000000000,13143.500000000,13141.750000000,13143.250000000,84,NQM3
2023-04-07T12:09:00.000000000Z,33,1,3522,13143.750000000,13145.750000000,13143.250000000,13145.500000000,38,NQM3
2023-04-07T12:10:00.000000000Z,33,1,3522,13145.500000000,13147.000000000,13145.250000000,13146.500000000,68,NQM3
2023-04-07T12:11:00.000000000Z,33,1,3522,13146.250000000,13149.250000000,13146.250000000,13149.000000000,82,NQM3
2023-04-07T12:12:00.000000000Z,33,1,3522,13148.750000000,13148.750000000,13147.000000000,13147.000000000,36,NQM3
2023-04-07T12:13:00.000000000Z,33,1,3522,13147.000000000,13148.500000000,13146.000000000,13147.750000000,70,NQM3
2023-04-07T12:14:00.000000000Z,33,1,3522,13148.250000000,13150.000000000,13148.000000000,13149.750000000,57,NQM3
2023-04-07T12:15:00.000000000Z,33,1,3522,13149.500000000,13150.750000000,13148.000000000,13150.250000000,71,NQM3
2023-04-07T12:16:00.000000000Z,33,1,3522,13150.000000000,13150.750000000,13148.500000000,13150.000000000,101,NQM3
2023-04-07T12:17:00.000000000Z,33,1,3522,13149.750000000,13149.750000000,13148.750000000,13149.500000000,34,NQM3
2023-04-07T12:18:00.000000000Z,33,1,3522,13149.500000000,13150.250000000,13148.750000000,13149.500000000,55,NQM3
2023-04-07T12:19:00.000000000Z,33,1,3522,13149.500000000,13149.750000000,13147.750000000,13148.250000000,51,NQM3
2023-04-07T12:20:00.000000000Z,33,1,3522,13148.750000000,13149.250000000,13147.500000000,13148.500000000,89,NQM3
2023-04-07T12:21:00.000000000Z,33,1,3522,13148.500000000,13153.750000000,13148.500000000,13152.500000000,109,NQM3
2023-04-07T12:22:00.000000000Z,33,1,3522,13153.000000000,13156.250000000,13152.250000000,13155.750000000,97,NQM3
2023-04-07T12:23:00.000000000Z,33,1,3522,13155.500000000,13155.750000000,13153.250000000,13155.250000000,110,NQM3
2023-04-07T12:24:00.000000000Z,33,1,3522,13155.500000000,13155.750000000,13153.750000000,13154.500000000,27,NQM3
2023-04-07T12:25:00.000000000Z,33,1,3522,13154.000000000,13155.000000000,13153.500000000,13154.250000000,49,NQM3
2023-04-07T12:26:00.000000000Z,33,1,3522,13153.750000000,13154.750000000,13147.500000000,13150.500000000,187,NQM3
2023-04-07T12:26:00.000000000Z,33,1,2130,13294.250000000,13294.250000000,13294.250000000,13294.250000000,1,NQU3
2023-04-07T12:27:00.000000000Z,33,1,3522,13150.500000000,13152.000000000,13150.500000000,13150.500000000,33,NQM3
2023-04-07T12:28:00.000000000Z,33,1,3522,13150.000000000,13154.000000000,13149.250000000,13150.000000000,74,NQM3
2023-04-07T12:29:00.000000000Z,33,1,3522,13151.500000000,13157.250000000,13150.750000000,13154.000000000,139,NQM3
2023-04-07T12:30:00.000000000Z,33,1,2130,13276.000000000,13293.250000000,13276.000000000,13293.250000000,2,NQU3
2023-04-07T12:30:00.000000000Z,33,1,3522,13155.750000000,13184.250000000,13122.000000000,13169.500000000,1533,NQM3
2023-04-07T12:31:00.000000000Z,33,1,2130,13318.000000000,13318.000000000,13309.250000000,13309.250000000,2,NQU3
2023-04-07T12:31:00.000000000Z,33,1,3522,13170.500000000,13187.500000000,13163.750000000,13178.250000000,1202,NQM3
2023-04-07T12:31:00.000000000Z,33,1,1584,140.300000000,140.300000000,140.300000000,140.300000000,1,NQM3-NQU3
2023-04-07T12:32:00.000000000Z,33,1,1584,140.350000000,140.350000000,140.350000000,140.350000000,3,NQM3-NQU3
2023-04-07T12:32:00.000000000Z,33,1,3522,13177.500000000,13178.250000000,13162.000000000,13165.750000000,830,NQM3
2023-04-07T12:33:00.000000000Z,33,1,3522,13164.500000000,13174.250000000,13157.500000000,13172.500000000,636,NQM3
2023-04-07T12:34:00.000000000Z,33,1,2130,13313.500000000,13320.000000000,13313.500000000,13320.000000000,2,NQU3
2023-04-07T12:34:00.000000000Z,33,1,3522,13172.750000000,13192.250000000,13167.500000000,13178.500000000,1604,NQM3
2023-04-07T12:35:00.000000000Z,33,1,3522,13178.750000000,13187.500000000,13165.750000000,13169.250000000,787,NQM3
2023-04-07T12:35:00.000000000Z,33,1,1584,140.400000000,140.900000000,140.400000000,140.900000000,2,NQM3-NQU3
2023-04-07T12:36:00.000000000Z,33,1,3522,13169.000000000,13170.750000000,13164.000000000,13164.750000000,416,NQM3
2023-04-07T12:37:00.000000000Z,33,1,3522,13164.750000000,13165.500000000,13153.000000000,13161.000000000,720,NQM3
2023-04-07T12:38:00.000000000Z,33,1,3522,13161.250000000,13162.750000000,13147.500000000,13152.750000000,450,NQM3
2023-04-07T12:39:00.000000000Z,33,1,3522,13152.250000000,13155.000000000,13146.500000000,13155.000000000,305,NQM3
2023-04-07T12:40:00.000000000Z,33,1,3522,13155.250000000,13160.750000000,13149.500000000,13151.500000000,441,NQM3
2023-04-07T12:41:00.000000000Z,33,1,3522,13152.000000000,13159.750000000,13151.500000000,13156.000000000,190,NQM3
2023-04-07T12:42:00.000000000Z,33,1,3522,13156.500000000,13168.000000000,13156.500000000,13164.750000000,410,NQM3
2023-04-07T12:42:00.000000000Z,33,1,2130,13300.000000000,13300.000000000,13300.000000000,13300.000000000,5,NQU3
2023-04-07T12:43:00.000000000Z,33,1,3522,13165.000000000,13169.000000000,13160.000000000,13163.500000000,282,NQM3
2023-04-07T12:44:00.000000000Z,33,1,3522,13164.000000000,13168.500000000,13164.000000000,13165.500000000,223,NQM3
2023-04-07T12:45:00.000000000Z,33,1,3522,13165.250000000,13176.250000000,13165.250000000,13175.250000000,463,NQM3
2023-04-07T12:46:00.000000000Z,33,1,3522,13175.750000000,13177.750000000,13169.750000000,13172.000000000,361,NQM3
2023-04-07T12:47:00.000000000Z,33,1,3522,13172.000000000,13181.000000000,13171.000000000,13180.000000000,415,NQM3
2023-04-07T12:48:00.000000000Z,33,1,3522,13180.750000000,13181.500000000,13175.000000000,13175.750000000,264,NQM3
2023-04-07T12:49:00.000000000Z,33,1,3522,13176.000000000,13181.000000000,13175.500000000,13179.250000000,231,NQM3
2023-04-07T12:50:00.000000000Z,33,1,3522,13178.750000000,13180.000000000,13167.250000000,13170.000000000,437,NQM3
2023-04-07T12:51:00.000000000Z,33,1,3522,13170.750000000,13172.000000000,13167.250000000,13170.750000000,233,NQM3
2023-04-07T12:52:00.000000000Z,33,1,3522,13170.750000000,13179.250000000,13170.750000000,13178.250000000,332,NQM3
2023-04-07T12:53:00.000000000Z,33,1,3522,13178.000000000,13178.000000000,13171.500000000,13171.500000000,217,NQM3
2023-04-07T12:54:00.000000000Z,33,1,3522,13171.500000000,13176.500000000,13171.250000000,13175.500000000,145,NQM3
2023-04-07T12:55:00.000000000Z,33,1,3522,13175.000000000,13175.750000000,13170.000000000,13171.250000000,153,NQM3
2023-04-07T12:55:00.000000000Z,33,1,2130,13310.000000000,13310.000000000,13310.000000000,13310.000000000,1,NQU3
2023-04-07T12:56:00.000000000Z,33,1,3522,13171.000000000,13175.500000000,13171.000000000,13174.750000000,144,NQM3
2023-04-07T12:57:00.000000000Z,33,1,3522,13174.750000000,13175.500000000,13170.750000000,13172.000000000,171,NQM3
2023-04-07T12:58:00.000000000Z,33,1,3522,13172.250000000,13173.750000000,13170.500000000,13172.250000000,122,NQM3
2023-04-07T12:59:00.000000000Z,33,1,3522,13172.500000000,13172.500000000,13163.500000000,13167.250000000,333,NQM3
2023-04-07T13:00:00.000000000Z,33,1,3522,13167.750000000,13171.500000000,13166.750000000,13169.250000000,248,NQM3
2023-04-07T13:01:00.000000000Z,33,1,3522,13169.500000000,13171.000000000,13166.750000000,13170.250000000,145,NQM3
2023-04-07T13:02:00.000000000Z,33,1,3522,13170.500000000,13171.250000000,13167.000000000,13169.750000000,124,NQM3
2023-04-07T13:03:00.000000000Z,33,1,3522,13169.750000000,13170.500000000,13167.500000000,13170.500000000,87,NQM3
2023-04-07T13:04:00.000000000Z,33,1,3522,13170.750000000,13175.500000000,13168.500000000,13173.250000000,210,NQM3
2023-04-07T13:05:00.000000000Z,33,1,3522,13174.000000000,13176.500000000,13172.500000000,13173.750000000,167,NQM3
2023-04-07T13:06:00.000000000Z,33,1,3522,13173.750000000,13174.000000000,13171.500000000,13174.000000000,117,NQM3
2023-04-07T13:07:00.000000000Z,33,1,1584,141.050000000,141.050000000,141.050000000,141.050000000,2,NQM3-NQU3
2023-04-07T13:07:00.000000000Z,33,1,3522,13174.250000000,13174.500000000,13171.250000000,13172.000000000,122,NQM3
2023-04-07T13:08:00.000000000Z,33,1,3522,13172.750000000,13177.500000000,13172.750000000,13173.500000000,151,NQM3
2023-04-07T13:09:00.000000000Z,33,1,3522,13174.250000000,13179.250000000,13173.750000000,13177.750000000,143,NQM3
2023-04-07T13:10:00.000000000Z,33,1,3522,13177.000000000,13180.000000000,13176.500000000,13177.500000000,118,NQM3
2023-04-07T13:11:00.000000000Z,33,1,3522,13179.750000000,13180.500000000,13177.750000000,13180.000000000,85,NQM3
2023-04-07T13:12:00.000000000Z,33,1,3522,13180.000000000,13181.500000000,13178.750000000,13181.500000000,92,NQM3
2023-04-07T13:13:00.000000000Z,33,1,3522,13180.000000000,13183.500000000,13178.750000000,13182.000000000,129,NQM3
2023-04-07T13:14:00.000000000Z,33,1,3522,13181.500000000,13186.000000000,13179.750000000,13184.250000000,149,NQM3
